[2026-04-29T09:27:28.014Z] User: Ashik Tomy | Dept: r&d | Desig: r&d head | isRnD: true | where: {}
[2026-04-29T09:28:50.459Z] User: Ashik Tomy | Dept: r&d | Desig: r&d head | isRnD: true | where: {}
[2026-04-29T09:28:56.179Z] User: Ashik Tomy | Dept: r&d | Desig: r&d head | isRnD: true | where: {}
[2026-04-29T09:28:59.930Z] User: Ashik Tomy | Dept: r&d | Desig: r&d head | isRnD: true | where: {}
[2026-04-29T09:30:19.346Z] User: Ashik Tomy | Dept: r&d | Desig: r&d head | isRnD: true | where: {}
[2026-04-29T09:30:19.521Z] User: Ashik Tomy | Dept: r&d | Desig: r&d head | isRnD: true | where: {}
[2026-04-29T09:30:19.701Z] User: Ashik Tomy | Dept: r&d | Desig: r&d head | isRnD: true | where: {}
[2026-04-29T09:30:54.462Z] User: Ashik Tomy | Dept: r&d | Desig: r&d head | isRnD: true | where: {}
[2026-04-29T09:30:54.636Z] User: Ashik Tomy | Dept: r&d | Desig: r&d head | isRnD: true | where: {}
[2026-04-29T09:30:54.792Z] User: Ashik Tomy | Dept: r&d | Desig: r&d head | isRnD: true | where: {}
[2026-04-29T09:35:06.633Z] User: Ashik Tomy | Dept: r&d | Desig: r&d head | isRnD: true | where: {}
[2026-04-29T09:35:06.661Z] MRN Visibility - User: Ashik Tomy | Dept: r&d | canSeeAll: false | where: {}
[2026-04-29T09:35:06.836Z] User: Ashik Tomy | Dept: r&d | Desig: r&d head | isRnD: true | where: {}
[2026-04-29T09:35:06.848Z] MRN Visibility - User: Ashik Tomy | Dept: r&d | canSeeAll: false | where: {}
[2026-04-29T09:35:07.031Z] User: Ashik Tomy | Dept: r&d | Desig: r&d head | isRnD: true | where: {}
[2026-04-29T09:35:07.039Z] MRN Visibility - User: Ashik Tomy | Dept: r&d | canSeeAll: false | where: {}
[2026-04-29T09:35:07.817Z] User: Ashik Tomy | Dept: r&d | Desig: r&d head | isRnD: true | where: {}
[2026-04-29T09:35:07.825Z] MRN Visibility - User: Ashik Tomy | Dept: r&d | canSeeAll: false | where: {}
[2026-04-29T09:35:28.313Z] User: Alphin Philip | Dept: r&d | Desig: project lead | isRnD: true | where: {}
[2026-04-29T09:35:28.335Z] MRN Visibility - User: Alphin Philip | Dept: r&d | canSeeAll: false | where: {}
[2026-04-29T09:35:30.821Z] User: Alphin Philip | Dept: r&d | Desig: project lead | isRnD: true | where: {}
[2026-04-29T09:35:49.857Z] User: Alphin Philip | Dept: r&d | Desig: project lead | isRnD: true | where: {}
[2026-04-29T09:35:53.838Z] User: Alphin Philip | Dept: r&d | Desig: project lead | isRnD: true | where: {}
[2026-04-29T09:35:53.851Z] MRN Visibility - User: Alphin Philip | Dept: r&d | canSeeAll: false | where: {}
[2026-04-29T09:35:58.518Z] User: Alphin Philip | Dept: r&d | Desig: project lead | isRnD: true | where: {}
[2026-04-29T09:36:18.114Z] User: Alphin Philip | Dept: r&d | Desig: project lead | isRnD: true | where: {}
[2026-04-29T09:36:27.980Z] User: Alphin Philip | Dept: r&d | Desig: project lead | isRnD: true | where: {}
[2026-04-29T09:36:34.239Z] User: Alphin Philip | Dept: r&d | Desig: project lead | isRnD: true | where: {}
[2026-04-29T09:36:45.782Z] User: Admin User | Dept: admin | Desig: administrator | isRnD: false | where: {}
[2026-04-29T09:36:54.160Z] User: Admin User | Dept: admin | Desig: administrator | isRnD: false | where: {}
[2026-04-29T09:36:57.680Z] User: Admin User | Dept: admin | Desig: administrator | isRnD: false | where: {}
[2026-04-29T09:37:11.063Z] User: Admin User | Dept: admin | Desig: administrator | isRnD: false | where: {}
[2026-04-29T09:37:16.598Z] User: Admin User | Dept: admin | Desig: administrator | isRnD: false | where: {}
[2026-04-29T09:38:04.734Z] User: Ashik Tomy | Dept: r&d | Desig: r&d head | isRnD: true | where: {}
[2026-04-29T09:38:04.745Z] MRN Visibility - User: Ashik Tomy | Dept: r&d | canSeeAll: false | where: {}
[2026-04-29T09:43:06.526Z] User: Ashik Tomy | Dept: r&d | Desig: r&d head | isRnD: true | where: {}
[2026-04-29T09:43:06.543Z] MRN Visibility - User: Ashik Tomy | Dept: r&d | canSeeAll: false | where: {}
[2026-04-29T10:14:09.648Z] User: Ashik Tomy | Dept: r&d | Desig: r&d head | isRnD: true | where: {}
[2026-04-29T10:14:09.657Z] MRN Visibility - User: Ashik Tomy | Dept: r&d | canSeeAll: false | where: {}
[2026-04-29T10:14:29.544Z] User: Admin User | Dept: admin | Desig: administrator | isRnD: false | where: {}
[2026-04-29T10:14:46.749Z] User: Admin User | Dept: admin | Desig: administrator | isRnD: false | where: {}
[2026-04-29T10:15:08.575Z] User: Admin User | Dept: admin | Desig: administrator | isRnD: false | where: {}
[2026-04-29T10:18:38.550Z] User: Admin User | Dept: admin | Desig: administrator | isRnD: false | where: {}
[2026-04-29T10:18:47.010Z] User: Admin User | Dept: admin | Desig: administrator | isRnD: false | where: {}
[2026-04-29T10:18:52.320Z] User: Admin User | Dept: admin | Desig: administrator | isRnD: false | where: {}
[2026-04-29T10:18:56.990Z] User: Admin User | Dept: admin | Desig: administrator | isRnD: false | where: {}
[2026-04-29T10:24:28.327Z] User: Admin User | Dept: admin | Desig: administrator | isRnD: false | where: {}
[2026-04-29T10:24:29.522Z] User: Admin User | Dept: admin | Desig: administrator | isRnD: false | where: {}
[2026-04-29T10:24:32.802Z] User: Admin User | Dept: admin | Desig: administrator | isRnD: false | where: {}
[2026-04-29T10:44:20.573Z] User: Admin User | Dept: admin | Desig: administrator | isRnD: false | where: {}
[2026-04-29T10:44:24.423Z] User: Admin User | Dept: admin | Desig: administrator | isRnD: false | where: {}
[2026-04-29T10:44:28.657Z] User: Admin User | Dept: admin | Desig: administrator | isRnD: false | where: {}
[2026-04-29T10:48:15.113Z] User: Cimil Charly | Dept: quality | Desig: qa head | isRnD: false | where: {}
[2026-04-29T10:48:17.124Z] User: Cimil Charly | Dept: quality | Desig: qa head | isRnD: false | where: {}
[2026-04-29T10:48:18.041Z] User: Cimil Charly | Dept: quality | Desig: qa head | isRnD: false | where: {}
[2026-04-29T10:48:23.220Z] User: Cimil Charly | Dept: quality | Desig: qa head | isRnD: false | where: {}
[2026-04-29T10:49:24.887Z] User: Adithya Jisha Biju | Dept: quality | Desig: qa | isRnD: false | where: {}
[2026-04-29T10:51:12.741Z] User: Mahadev Ambadi | Dept: quality | Desig: qc | isRnD: false | where: {}
[2026-04-29T10:52:42.372Z] User: Mahadev Ambadi | Dept: quality | Desig: qc | isRnD: false | where: {}
[2026-04-29T10:53:25.270Z] User: Mahadev Ambadi | Dept: quality | Desig: qc | isRnD: false | where: {}
[2026-04-29T10:54:15.724Z] User: Cimil Charly | Dept: quality | Desig: qa head | isRnD: false | where: {}
[2026-04-29T10:54:36.643Z] User: Adithya Jisha Biju | Dept: quality | Desig: qa | isRnD: false | where: {}
[2026-04-29T11:01:53.121Z] User: Adithya Jisha Biju | Dept: quality | Desig: qa | isRnD: false | where: {}
[2026-04-29T11:02:45.005Z] User: Alphin Philip | Dept: r&d | Desig: project lead | isRnD: true | where: {}
[2026-04-29T11:02:45.011Z] MRN Visibility - User: Alphin Philip | Dept: r&d | canSeeAll: false | where: {}
[2026-04-29T11:06:34.576Z] User: Alphin Philip | Dept: r&d | Desig: project lead | isRnD: true | where: {}
[2026-04-29T11:21:06.620Z] User: Admin User | Dept: admin | Desig: administrator | isRnD: false | where: {}
[2026-04-29T11:32:09.151Z] User: Admin User | Dept: admin | Desig: administrator | isRnD: false | where: {}
[2026-04-29T11:32:23.219Z] User: Admin User | Dept: admin | Desig: administrator | isRnD: false | where: {}
[2026-04-29T11:32:29.560Z] User: Admin User | Dept: admin | Desig: administrator | isRnD: false | where: {}
[2026-04-29T11:32:33.043Z] User: Admin User | Dept: admin | Desig: administrator | isRnD: false | where: {}
[2026-04-29T11:32:37.814Z] User: Admin User | Dept: admin | Desig: administrator | isRnD: false | where: {}
[2026-04-29T11:39:48.215Z] User: Admin User | Dept: admin | Desig: administrator | isRnD: false | where: {}
[2026-04-29T11:40:12.708Z] User: Admin User | Dept: admin | Desig: administrator | isRnD: false | where: {}
[2026-04-29T11:50:41.169Z] User: Mahadev Ambadi | Dept: quality | Desig: qc | isRnD: false | where: {}
[2026-04-29T11:50:50.697Z] User: Mahadev Ambadi | Dept: quality | Desig: qc | isRnD: false | where: {}
[2026-04-29T11:50:51.665Z] User: Mahadev Ambadi | Dept: quality | Desig: qc | isRnD: false | where: {}
[2026-04-29T11:50:54.630Z] User: Mahadev Ambadi | Dept: quality | Desig: qc | isRnD: false | where: {}
[2026-04-29T11:51:39.561Z] User: Cimil Charly | Dept: quality | Desig: qa head | isRnD: false | where: {}
[2026-04-29T11:51:44.668Z] User: Cimil Charly | Dept: quality | Desig: qa head | isRnD: false | where: {}
[2026-04-29T11:51:46.620Z] User: Cimil Charly | Dept: quality | Desig: qa head | isRnD: false | where: {}
[2026-04-29T11:51:48.147Z] User: Cimil Charly | Dept: quality | Desig: qa head | isRnD: false | where: {}
[2026-04-29T11:57:32.336Z] User: Ashik Tomy | Dept: r&d | Desig: r&d head | isRnD: true | where: {}
[2026-04-29T11:57:32.355Z] MRN Visibility - User: Ashik Tomy | Dept: r&d | canSeeAll: false | where: {}
[2026-04-29T11:57:43.907Z] MRN Visibility - User: Ashik Tomy | Dept: r&d | canSeeAll: false | where: {}
[2026-04-29T11:58:05.635Z] MRN Visibility - User: Ashik Tomy | Dept: r&d | canSeeAll: false | where: {}
[2026-04-29T11:58:09.666Z] MRN Visibility - User: Ashik Tomy | Dept: r&d | canSeeAll: false | where: {}
[2026-04-29T11:58:11.606Z] User: Ashik Tomy | Dept: r&d | Desig: r&d head | isRnD: true | where: {}
[2026-04-29T11:58:11.619Z] MRN Visibility - User: Ashik Tomy | Dept: r&d | canSeeAll: false | where: {}
[2026-04-29T11:58:20.164Z] User: Mahadev Ambadi | Dept: quality | Desig: qc | isRnD: false | where: {}
[2026-04-30T04:15:06.742Z] User: Admin User | Dept: admin | Desig: administrator | isRnD: false | where: {}
[2026-04-30T04:15:08.273Z] User: Admin User | Dept: admin | Desig: administrator | isRnD: false | where: {}
[2026-04-30T04:16:33.409Z] User: Admin User | Dept: admin | Desig: administrator | isRnD: false | where: {}
[2026-04-30T04:25:25.772Z] User: Admin User | Dept: admin | Desig: administrator | isRnD: false | where: {}
[2026-04-30T04:28:30.267Z] User: Admin User | Dept: admin | Desig: administrator | isRnD: false | where: {}
[2026-04-30T04:28:53.213Z] User: Admin User | Dept: admin | Desig: administrator | isRnD: false | where: {}
[2026-04-30T04:29:18.986Z] User: Admin User | Dept: admin | Desig: administrator | isRnD: false | where: {}
[2026-04-30T04:31:17.217Z] User: Airene V | Dept: purchase | Desig: purchase officer | isRnD: false | where: {}
[2026-04-30T04:31:36.415Z] User: Airene V | Dept: purchase | Desig: purchase officer | isRnD: false | where: {}
[2026-04-30T04:32:04.486Z] User: Airene V | Dept: purchase | Desig: purchase officer | isRnD: false | where: {}
[2026-04-30T04:32:12.695Z] User: Airene V | Dept: purchase | Desig: purchase officer | isRnD: false | where: {}
[2026-04-30T04:32:27.039Z] User: Airene V | Dept: purchase | Desig: purchase officer | isRnD: false | where: {}
[2026-04-30T04:33:25.220Z] User: Airene V | Dept: purchase | Desig: purchase officer | isRnD: false | where: {}
[2026-04-30T04:33:33.161Z] User: Airene V | Dept: purchase | Desig: purchase officer | isRnD: false | where: {}
[2026-04-30T04:33:42.134Z] User: Airene V | Dept: purchase | Desig: purchase officer | isRnD: false | where: {}
[2026-04-30T04:33:50.549Z] User: Airene V | Dept: purchase | Desig: purchase officer | isRnD: false | where: {}
[2026-04-30T04:34:34.319Z] User: Alex zion | Dept: purchase | Desig: purchase manager | isRnD: false | where: {}
[2026-04-30T04:34:54.356Z] User: Admin User | Dept: admin | Desig: administrator | isRnD: false | where: {}
[2026-04-30T04:35:10.405Z] User: Admin User | Dept: admin | Desig: administrator | isRnD: false | where: {}
[2026-04-30T04:35:15.464Z] User: Admin User | Dept: admin | Desig: administrator | isRnD: false | where: {}
[2026-04-30T04:35:45.511Z] User: Admin User | Dept: admin | Desig: administrator | isRnD: false | where: {}
[2026-04-30T04:35:58.875Z] User: Admin User | Dept: admin | Desig: administrator | isRnD: false | where: {}
[2026-04-30T04:36:11.954Z] User: Admin User | Dept: admin | Desig: administrator | isRnD: false | where: {}
[2026-04-30T04:36:18.857Z] User: Admin User | Dept: admin | Desig: administrator | isRnD: false | where: {}
[2026-04-30T04:36:35.449Z] User: Admin User | Dept: admin | Desig: administrator | isRnD: false | where: {}
[2026-04-30T04:36:50.473Z] User: Admin User | Dept: admin | Desig: administrator | isRnD: false | where: {}
[2026-04-30T04:37:01.482Z] User: Admin User | Dept: admin | Desig: administrator | isRnD: false | where: {}
[2026-04-30T04:37:08.224Z] User: Admin User | Dept: admin | Desig: administrator | isRnD: false | where: {}
[2026-04-30T04:37:10.190Z] User: Admin User | Dept: admin | Desig: administrator | isRnD: false | where: {}
[2026-04-30T04:37:19.130Z] User: Admin User | Dept: admin | Desig: administrator | isRnD: false | where: {}
[2026-04-30T04:39:35.104Z] User: Admin User | Dept: admin | Desig: administrator | isRnD: false | where: {}
[2026-04-30T04:40:15.670Z] User: Admin User | Dept: admin | Desig: administrator | isRnD: false | where: {}
[2026-04-30T04:40:28.476Z] User: Admin User | Dept: admin | Desig: administrator | isRnD: false | where: {}
[2026-04-30T04:41:27.114Z] User: Admin User | Dept: admin | Desig: administrator | isRnD: false | where: {}
[2026-04-30T04:42:39.282Z] User: Admin User | Dept: admin | Desig: administrator | isRnD: false | where: {}
[2026-04-30T04:42:52.235Z] User: Admin User | Dept: admin | Desig: administrator | isRnD: false | where: {}
[2026-04-30T04:43:26.304Z] User: Admin User | Dept: admin | Desig: administrator | isRnD: false | where: {}
[2026-04-30T04:44:56.650Z] User: Admin User | Dept: admin | Desig: administrator | isRnD: false | where: {}
[2026-04-30T04:46:05.858Z] User: Admin User | Dept: admin | Desig: administrator | isRnD: false | where: {}
[2026-04-30T04:46:09.578Z] User: Admin User | Dept: admin | Desig: administrator | isRnD: false | where: {}
[2026-04-30T04:46:18.010Z] User: Admin User | Dept: admin | Desig: administrator | isRnD: false | where: {}
[2026-04-30T04:46:27.055Z] User: Admin User | Dept: admin | Desig: administrator | isRnD: false | where: {}
[2026-04-30T04:49:13.605Z] User: Admin User | Dept: admin | Desig: administrator | isRnD: false | where: {}
[2026-04-30T04:49:15.186Z] User: Admin User | Dept: admin | Desig: administrator | isRnD: false | where: {}
[2026-04-30T04:50:36.382Z] User: Admin User | Dept: admin | Desig: administrator | isRnD: false | where: {}
[2026-04-30T04:51:55.388Z] User: Admin User | Dept: admin | Desig: administrator | isRnD: false | where: {}
[2026-04-30T04:52:07.024Z] User: Admin User | Dept: admin | Desig: administrator | isRnD: false | where: {}
[2026-04-30T04:53:04.252Z] User: Admin User | Dept: admin | Desig: administrator | isRnD: false | where: {}
[2026-04-30T04:58:38.697Z] User: Admin User | Dept: admin | Desig: administrator | isRnD: false | where: {}
[2026-04-30T04:58:39.886Z] User: Admin User | Dept: admin | Desig: administrator | isRnD: false | where: {}
[2026-04-30T04:58:44.532Z] User: Admin User | Dept: admin | Desig: administrator | isRnD: false | where: {}
[2026-04-30T04:58:50.425Z] User: Admin User | Dept: admin | Desig: administrator | isRnD: false | where: {}
[2026-04-30T04:58:55.339Z] User: Admin User | Dept: admin | Desig: administrator | isRnD: false | where: {}
[2026-04-30T04:59:11.457Z] User: Admin User | Dept: admin | Desig: administrator | isRnD: false | where: {}
[2026-04-30T04:59:30.802Z] User: Admin User | Dept: admin | Desig: administrator | isRnD: false | where: {}
[2026-04-30T05:03:31.454Z] User: Admin User | Dept: admin | Desig: administrator | isRnD: false | where: {}
[2026-04-30T05:03:43.364Z] User: Admin User | Dept: admin | Desig: administrator | isRnD: false | where: {}
[2026-04-30T05:03:47.992Z] User: Admin User | Dept: admin | Desig: administrator | isRnD: false | where: {}
[2026-04-30T05:03:55.327Z] User: Admin User | Dept: admin | Desig: administrator | isRnD: false | where: {}
[2026-04-30T05:04:15.862Z] User: Admin User | Dept: admin | Desig: administrator | isRnD: false | where: {}
[2026-04-30T05:06:33.007Z] User: Admin User | Dept: admin | Desig: administrator | isRnD: false | where: {}
[2026-04-30T05:07:02.954Z] User: Admin User | Dept: admin | Desig: administrator | isRnD: false | where: {}
[2026-04-30T05:11:03.351Z] User: Admin User | Dept: admin | Desig: administrator | isRnD: false | where: {}
[2026-04-30T05:11:05.929Z] User: Admin User | Dept: admin | Desig: administrator | isRnD: false | where: {}
[2026-04-30T05:11:29.031Z] User: Admin User | Dept: admin | Desig: administrator | isRnD: false | where: {}
[2026-04-30T05:21:36.563Z] User: Admin User | Dept: admin | Desig: administrator | isRnD: false | where: {}
[2026-04-30T05:24:01.007Z] User: Admin User | Dept: admin | Desig: administrator | isRnD: false | where: {}
[2026-04-30T05:25:09.772Z] User: Admin User | Dept: admin | Desig: administrator | isRnD: false | where: {}
[2026-04-30T05:25:39.591Z] User: Admin User | Dept: admin | Desig: administrator | isRnD: false | where: {}
[2026-04-30T05:25:41.120Z] User: Admin User | Dept: admin | Desig: administrator | isRnD: false | where: {}
[2026-04-30T05:25:57.595Z] User: Admin User | Dept: admin | Desig: administrator | isRnD: false | where: {}
[2026-04-30T05:25:58.381Z] User: Admin User | Dept: admin | Desig: administrator | isRnD: false | where: {}
[2026-04-30T05:26:00.107Z] User: Admin User | Dept: admin | Desig: administrator | isRnD: false | where: {}
[2026-04-30T05:26:01.188Z] User: Admin User | Dept: admin | Desig: administrator | isRnD: false | where: {}
[2026-04-30T05:26:05.562Z] User: Admin User | Dept: admin | Desig: administrator | isRnD: false | where: {}
[2026-04-30T05:26:06.701Z] User: Admin User | Dept: admin | Desig: administrator | isRnD: false | where: {}
[2026-04-30T05:26:22.216Z] User: Admin User | Dept: admin | Desig: administrator | isRnD: false | where: {}
[2026-04-30T05:26:31.917Z] User: Admin User | Dept: admin | Desig: administrator | isRnD: false | where: {}
[2026-04-30T05:26:35.624Z] User: Admin User | Dept: admin | Desig: administrator | isRnD: false | where: {}
[2026-04-30T05:26:42.199Z] User: Admin User | Dept: admin | Desig: administrator | isRnD: false | where: {}
[2026-04-30T05:26:49.204Z] User: Admin User | Dept: admin | Desig: administrator | isRnD: false | where: {}
[2026-04-30T05:29:33.344Z] User: Admin User | Dept: admin | Desig: administrator | isRnD: false | where: {}
[2026-04-30T05:30:25.265Z] User: Admin User | Dept: admin | Desig: administrator | isRnD: false | where: {}
[2026-04-30T05:30:29.945Z] User: Admin User | Dept: admin | Desig: administrator | isRnD: false | where: {}
[2026-04-30T05:30:44.129Z] User: Admin User | Dept: admin | Desig: administrator | isRnD: false | where: {}
[2026-04-30T05:30:53.779Z] User: Admin User | Dept: admin | Desig: administrator | isRnD: false | where: {}
[2026-04-30T05:31:37.484Z] User: Admin User | Dept: admin | Desig: administrator | isRnD: false | where: {}
[2026-04-30T05:32:34.459Z] User: Admin User | Dept: admin | Desig: administrator | isRnD: false | where: {}
[2026-04-30T05:34:15.992Z] User: Admin User | Dept: admin | Desig: administrator | isRnD: false | where: {}
[2026-04-30T05:37:16.030Z] User: Admin User | Dept: admin | Desig: administrator | isRnD: false | where: {}
[2026-04-30T05:53:34.916Z] User: Ashik Tomy | Dept: r&d | Desig: r&d head | isRnD: true | where: {}
[2026-04-30T05:53:34.926Z] MRN Visibility - User: Ashik Tomy | Dept: r&d | canSeeAll: false | where: {}
[2026-04-30T05:55:23.527Z] User: Admin User | Dept: admin | Desig: administrator | isRnD: false | where: {}
[2026-04-30T06:00:30.871Z] User: Admin User | Dept: admin | Desig: administrator | isRnD: false | where: {}
[2026-04-30T06:03:03.400Z] User: Admin User | Dept: admin | Desig: administrator | isRnD: false | where: {}
[2026-04-30T06:03:04.996Z] User: Admin User | Dept: admin | Desig: administrator | isRnD: false | where: {}
[2026-04-30T06:03:26.092Z] User: Admin User | Dept: admin | Desig: administrator | isRnD: false | where: {}
[2026-04-30T06:03:34.329Z] User: Admin User | Dept: admin | Desig: administrator | isRnD: false | where: {}
[2026-04-30T06:03:36.287Z] User: Admin User | Dept: admin | Desig: administrator | isRnD: false | where: {}
[2026-04-30T06:03:47.263Z] User: Admin User | Dept: admin | Desig: administrator | isRnD: false | where: {}
[2026-04-30T06:04:02.659Z] User: Admin User | Dept: admin | Desig: administrator | isRnD: false | where: {}
[2026-04-30T06:04:19.048Z] User: Admin User | Dept: admin | Desig: administrator | isRnD: false | where: {}
[2026-04-30T06:04:22.636Z] User: Admin User | Dept: admin | Desig: administrator | isRnD: false | where: {}
[2026-04-30T06:04:28.676Z] User: Admin User | Dept: admin | Desig: administrator | isRnD: false | where: {}
[2026-04-30T06:04:30.554Z] User: Admin User | Dept: admin | Desig: administrator | isRnD: false | where: {}
[2026-04-30T06:04:35.054Z] User: Admin User | Dept: admin | Desig: administrator | isRnD: false | where: {}
[2026-04-30T06:04:50.199Z] User: Admin User | Dept: admin | Desig: administrator | isRnD: false | where: {}
[2026-04-30T06:05:03.138Z] User: Admin User | Dept: admin | Desig: administrator | isRnD: false | where: {}
[2026-04-30T06:05:20.513Z] User: Admin User | Dept: admin | Desig: administrator | isRnD: false | where: {}
[2026-04-30T06:05:38.051Z] User: Admin User | Dept: admin | Desig: administrator | isRnD: false | where: {}
[2026-04-30T06:05:53.180Z] User: Admin User | Dept: admin | Desig: administrator | isRnD: false | where: {}
[2026-04-30T06:06:01.718Z] User: Admin User | Dept: admin | Desig: administrator | isRnD: false | where: {}
[2026-04-30T06:06:10.805Z] User: Admin User | Dept: admin | Desig: administrator | isRnD: false | where: {}
[2026-04-30T06:08:34.988Z] User: Admin User | Dept: admin | Desig: administrator | isRnD: false | where: {}
[2026-04-30T06:08:54.621Z] User: Admin User | Dept: admin | Desig: administrator | isRnD: false | where: {}
[2026-04-30T06:09:19.321Z] User: Admin User | Dept: admin | Desig: administrator | isRnD: false | where: {}
[2026-04-30T06:09:52.639Z] User: Admin User | Dept: admin | Desig: administrator | isRnD: false | where: {}
[2026-04-30T06:28:03.087Z] User: Admin User | Dept: admin | Desig: administrator | isRnD: false | where: {}
[2026-04-30T06:28:24.099Z] User: Admin User | Dept: admin | Desig: administrator | isRnD: false | where: {}
[2026-04-30T06:28:32.339Z] User: Admin User | Dept: admin | Desig: administrator | isRnD: false | where: {}
[2026-04-30T06:28:40.446Z] User: Admin User | Dept: admin | Desig: administrator | isRnD: false | where: {}
[2026-04-30T06:29:11.997Z] User: Admin User | Dept: admin | Desig: administrator | isRnD: false | where: {}
[2026-04-30T07:43:44.358Z] User: Admin User | Dept: admin | Desig: administrator | isRnD: false | where: {}
[2026-04-30T07:44:15.967Z] User: Admin User | Dept: admin | Desig: administrator | isRnD: false | where: {}
[2026-04-30T08:00:45.740Z] User: Admin User | Dept: admin | Desig: administrator | isRnD: false | where: {}
[2026-04-30T08:38:16.299Z] User: Admin User | Dept: admin | Desig: administrator | isRnD: false | where: {}
[2026-04-30T08:38:28.444Z] User: Admin User | Dept: admin | Desig: administrator | isRnD: false | where: {}
[2026-04-30T08:39:01.534Z] User: Admin User | Dept: admin | Desig: administrator | isRnD: false | where: {}
[2026-04-30T08:39:02.571Z] User: Admin User | Dept: admin | Desig: administrator | isRnD: false | where: {}
[2026-04-30T08:39:19.527Z] User: Admin User | Dept: admin | Desig: administrator | isRnD: false | where: {}
[2026-04-30T08:39:21.808Z] User: Admin User | Dept: admin | Desig: administrator | isRnD: false | where: {}
[2026-04-30T08:39:22.640Z] User: Admin User | Dept: admin | Desig: administrator | isRnD: false | where: {}
[2026-04-30T08:39:59.519Z] User: Admin User | Dept: admin | Desig: administrator | isRnD: false | where: {}
[2026-04-30T08:40:30.530Z] User: Admin User | Dept: admin | Desig: administrator | isRnD: false | where: {}
[2026-04-30T08:40:49.401Z] User: Admin User | Dept: admin | Desig: administrator | isRnD: false | where: {}
[2026-04-30T08:40:58.928Z] User: Admin User | Dept: admin | Desig: administrator | isRnD: false | where: {}
[2026-04-30T08:41:01.021Z] User: Admin User | Dept: admin | Desig: administrator | isRnD: false | where: {}
[2026-04-30T08:41:37.797Z] User: Admin User | Dept: admin | Desig: administrator | isRnD: false | where: {}
[2026-04-30T08:41:47.192Z] User: Admin User | Dept: admin | Desig: administrator | isRnD: false | where: {}
[2026-04-30T08:42:02.935Z] User: Admin User | Dept: admin | Desig: administrator | isRnD: false | where: {}
[2026-04-30T08:42:12.824Z] User: Admin User | Dept: admin | Desig: administrator | isRnD: false | where: {}
[2026-04-30T08:42:57.488Z] User: Admin User | Dept: admin | Desig: administrator | isRnD: false | where: {}
[2026-04-30T08:43:03.446Z] User: Admin User | Dept: admin | Desig: administrator | isRnD: false | where: {}
[2026-04-30T08:43:07.140Z] User: Admin User | Dept: admin | Desig: administrator | isRnD: false | where: {}
[2026-04-30T08:43:22.737Z] User: Admin User | Dept: admin | Desig: administrator | isRnD: false | where: {}
[2026-04-30T08:44:15.309Z] User: Admin User | Dept: admin | Desig: administrator | isRnD: false | where: {}
[2026-04-30T08:44:37.369Z] User: Admin User | Dept: admin | Desig: administrator | isRnD: false | where: {}
[2026-04-30T08:44:45.035Z] User: Admin User | Dept: admin | Desig: administrator | isRnD: false | where: {}
[2026-04-30T08:47:59.013Z] User: Admin User | Dept: admin | Desig: administrator | isRnD: false | where: {}
[2026-04-30T08:48:05.316Z] User: Admin User | Dept: admin | Desig: administrator | isRnD: false | where: {}
[2026-04-30T08:48:46.439Z] User: Admin User | Dept: admin | Desig: administrator | isRnD: false | where: {}
[2026-04-30T08:55:22.826Z] User: Admin User | Dept: admin | Desig: administrator | isRnD: false | where: {}
[2026-04-30T09:03:34.349Z] User: Admin User | Dept: admin | Desig: administrator | isRnD: false | where: {}
[2026-04-30T09:03:41.417Z] User: Admin User | Dept: admin | Desig: administrator | isRnD: false | where: {}
[2026-04-30T09:04:38.801Z] User: Admin User | Dept: admin | Desig: administrator | isRnD: false | where: {}
[2026-04-30T09:08:52.373Z] User: Admin User | Dept: admin | Desig: administrator | isRnD: false | where: {}
[2026-04-30T09:09:05.770Z] User: Admin User | Dept: admin | Desig: administrator | isRnD: false | where: {}
[2026-04-30T09:09:29.405Z] User: Admin User | Dept: admin | Desig: administrator | isRnD: false | where: {}
[2026-04-30T09:09:34.369Z] User: Admin User | Dept: admin | Desig: administrator | isRnD: false | where: {}
[2026-04-30T09:11:56.938Z] User: Admin User | Dept: admin | Desig: administrator | isRnD: false | where: {}
[2026-04-30T09:14:16.261Z] MRN Visibility - User: Admin User | Dept: admin | canSeeAll: true | where: {}
[2026-04-30T09:15:39.122Z] MRN Visibility - User: Admin User | Dept: admin | canSeeAll: true | where: {}
[2026-04-30T09:15:52.088Z] MRN Visibility - User: Admin User | Dept: admin | canSeeAll: true | where: {}
[2026-04-30T09:15:58.815Z] MRN Visibility - User: Admin User | Dept: admin | canSeeAll: true | where: {}
[2026-04-30T09:16:36.364Z] MRN Visibility - User: Admin User | Dept: admin | canSeeAll: true | where: {}
[2026-04-30T09:18:32.089Z] MRN Visibility - User: Admin User | Dept: admin | canSeeAll: true | where: {}
[2026-04-30T09:18:38.557Z] MRN Visibility - User: Admin User | Dept: admin | canSeeAll: true | where: {}
[2026-04-30T09:20:57.483Z] User: Admin User | Dept: admin | Desig: administrator | isRnD: false | where: {}
[2026-04-30T09:21:19.235Z] User: Admin User | Dept: admin | Desig: administrator | isRnD: false | where: {}
[2026-04-30T09:22:34.852Z] User: Admin User | Dept: admin | Desig: administrator | isRnD: false | where: {}
[2026-04-30T09:22:39.823Z] User: Admin User | Dept: admin | Desig: administrator | isRnD: false | where: {}
[2026-04-30T09:23:08.745Z] User: Admin User | Dept: admin | Desig: administrator | isRnD: false | where: {}
[2026-04-30T09:32:11.626Z] MRN Visibility - User: Admin User | Dept: admin | canSeeAll: true | where: {}
[2026-04-30T09:32:13.344Z] User: Admin User | Dept: admin | Desig: administrator | isRnD: false | where: {}
[2026-04-30T09:32:48.720Z] User: Admin User | Dept: admin | Desig: administrator | isRnD: false | where: {}
[2026-04-30T09:33:03.008Z] User: Admin User | Dept: admin | Desig: administrator | isRnD: false | where: {}
[2026-04-30T09:33:03.559Z] User: Admin User | Dept: admin | Desig: administrator | isRnD: false | where: {}
[2026-04-30T09:33:05.691Z] User: Admin User | Dept: admin | Desig: administrator | isRnD: false | where: {}
[2026-04-30T09:33:20.041Z] User: Admin User | Dept: admin | Desig: administrator | isRnD: false | where: {}
[2026-04-30T09:33:25.065Z] User: Admin User | Dept: admin | Desig: administrator | isRnD: false | where: {}
[2026-04-30T09:33:37.283Z] User: Admin User | Dept: admin | Desig: administrator | isRnD: false | where: {}
[2026-04-30T09:34:54.503Z] User: Admin User | Dept: admin | Desig: administrator | isRnD: false | where: {}
[2026-04-30T09:37:16.523Z] MRN Visibility - User: Admin User | Dept: admin | canSeeAll: true | where: {}
[2026-04-30T09:53:16.624Z] User: Admin User | Dept: admin | Desig: administrator | isRnD: false | where: {}
[2026-04-30T09:53:45.079Z] User: Admin User | Dept: admin | Desig: administrator | isRnD: false | where: {}
[2026-04-30T09:56:27.736Z] MRN Visibility - User: Admin User | Dept: admin | canSeeAll: true | where: {}
[2026-04-30T10:03:57.519Z] User: Admin User | Dept: admin | Desig: administrator | isRnD: false | where: {}
[2026-04-30T10:05:37.696Z] User: Admin User | Dept: admin | Desig: administrator | isRnD: false | where: {}
[2026-04-30T10:08:58.076Z] User: Admin User | Dept: admin | Desig: administrator | isRnD: false | where: {}
[2026-04-30T10:10:55.846Z] User: Admin User | Dept: admin | Desig: administrator | isRnD: false | where: {}
[2026-04-30T10:11:05.792Z] User: Admin User | Dept: admin | Desig: administrator | isRnD: false | where: {}
[2026-04-30T10:36:09.854Z] User: Admin User | Dept: admin | Desig: administrator | isRnD: false | where: {}
[2026-04-30T10:41:38.439Z] User: Admin User | Dept: admin | Desig: administrator | isRnD: false | where: {}
[2026-04-30T10:42:01.522Z] User: Admin User | Dept: admin | Desig: administrator | isRnD: false | where: {}
[2026-04-30T10:43:52.915Z] User: Admin User | Dept: admin | Desig: administrator | isRnD: false | where: {}
[2026-04-30T10:44:12.619Z] MRN Visibility - User: Admin User | Dept: admin | canSeeAll: true | where: {}
[2026-04-30T10:45:35.263Z] User: Admin User | Dept: admin | Desig: administrator | isRnD: false | where: {}
[2026-04-30T10:45:42.791Z] User: Admin User | Dept: admin | Desig: administrator | isRnD: false | where: {}
[2026-04-30T10:45:45.543Z] User: Admin User | Dept: admin | Desig: administrator | isRnD: false | where: {}
[2026-04-30T10:45:53.510Z] User: Admin User | Dept: admin | Desig: administrator | isRnD: false | where: {}
[2026-04-30T10:46:06.091Z] User: Admin User | Dept: admin | Desig: administrator | isRnD: false | where: {}
[2026-04-30T10:48:53.144Z] User: Admin User | Dept: admin | Desig: administrator | isRnD: false | where: {}
[2026-04-30T10:49:32.503Z] User: Admin User | Dept: admin | Desig: administrator | isRnD: false | where: {}
[2026-04-30T11:02:31.004Z] User: Admin User | Dept: admin | Desig: administrator | isRnD: false | where: {}
[2026-04-30T11:03:19.404Z] User: Admin User | Dept: admin | Desig: administrator | isRnD: false | where: {}
[2026-04-30T11:03:21.578Z] User: Admin User | Dept: admin | Desig: administrator | isRnD: false | where: {}
[2026-04-30T11:03:22.238Z] User: Admin User | Dept: admin | Desig: administrator | isRnD: false | where: {}
[2026-04-30T11:03:56.092Z] User: Admin User | Dept: admin | Desig: administrator | isRnD: false | where: {}
[2026-04-30T11:23:38.282Z] User: Admin User | Dept: admin | Desig: administrator | isRnD: false | where: {}
[2026-04-30T11:23:44.313Z] User: Admin User | Dept: admin | Desig: administrator | isRnD: false | where: {}
[2026-04-30T11:23:54.951Z] User: Admin User | Dept: admin | Desig: administrator | isRnD: false | where: {}
[2026-04-30T11:24:34.656Z] User: Admin User | Dept: admin | Desig: administrator | isRnD: false | where: {}
[2026-04-30T11:25:06.266Z] User: Admin User | Dept: admin | Desig: administrator | isRnD: false | where: {}
[2026-04-30T11:29:20.203Z] User: Admin User | Dept: admin | Desig: administrator | isRnD: false | where: {}
[2026-04-30T11:29:40.195Z] User: Admin User | Dept: admin | Desig: administrator | isRnD: false | where: {}
[2026-04-30T11:32:19.879Z] User: Admin User | Dept: admin | Desig: administrator | isRnD: false | where: {}
[2026-04-30T11:44:57.801Z] MRN Visibility - User: Admin User | Dept: admin | canSeeAll: true | where: {}
[2026-04-30T11:47:35.908Z] MRN Visibility - User: Admin User | Dept: admin | canSeeAll: true | where: {}
[2026-04-30T11:48:18.971Z] MRN Visibility - User: Admin User | Dept: admin | canSeeAll: true | where: {}
[2026-04-30T11:48:43.919Z] MRN Visibility - User: Admin User | Dept: admin | canSeeAll: true | where: {}
[2026-05-04T03:59:46.482Z] User: Admin User | Dept: admin | Desig: administrator | isRnD: false | where: {}
[2026-05-04T04:04:28.589Z] User: Admin User | Dept: admin | Desig: administrator | isRnD: false | where: {}
[2026-05-04T04:04:31.257Z] User: Admin User | Dept: admin | Desig: administrator | isRnD: false | where: {}
[2026-05-04T04:04:34.695Z] User: Admin User | Dept: admin | Desig: administrator | isRnD: false | where: {}
[2026-05-04T04:08:46.676Z] User: Admin User | Dept: admin | Desig: administrator | isRnD: false | where: {}
[2026-05-04T04:59:49.946Z] User: Admin User | Dept: admin | Desig: administrator | isRnD: false | where: {}
[2026-05-04T05:00:39.610Z] User: Admin User | Dept: admin | Desig: administrator | isRnD: false | where: {}
[2026-05-04T05:03:39.450Z] User: Admin User | Dept: admin | Desig: administrator | isRnD: false | where: {}
[2026-05-04T05:03:58.929Z] User: Admin User | Dept: admin | Desig: administrator | isRnD: false | where: {}
[2026-05-04T05:04:06.579Z] User: Admin User | Dept: admin | Desig: administrator | isRnD: false | where: {}
[2026-05-04T05:04:12.883Z] User: Admin User | Dept: admin | Desig: administrator | isRnD: false | where: {}
[2026-05-04T05:04:31.809Z] User: Admin User | Dept: admin | Desig: administrator | isRnD: false | where: {}
[2026-05-04T05:04:37.835Z] User: Admin User | Dept: admin | Desig: administrator | isRnD: false | where: {}
[2026-05-04T05:07:50.992Z] User: Admin User | Dept: admin | Desig: administrator | isRnD: false | where: {}
[2026-05-04T05:08:00.731Z] User: Admin User | Dept: admin | Desig: administrator | isRnD: false | where: {}
[2026-05-04T05:08:02.323Z] User: Admin User | Dept: admin | Desig: administrator | isRnD: false | where: {}
[2026-05-04T05:09:13.004Z] User: Admin User | Dept: admin | Desig: administrator | isRnD: false | where: {}
[2026-05-04T05:09:17.227Z] User: Admin User | Dept: admin | Desig: administrator | isRnD: false | where: {}
[2026-05-04T05:30:44.382Z] User: Admin User | Dept: admin | Desig: administrator | isRnD: false | where: {}
[2026-05-04T05:32:42.621Z] User: Admin User | Dept: admin | Desig: administrator | isRnD: false | where: {}
[2026-05-04T05:33:05.342Z] User: Admin User | Dept: admin | Desig: administrator | isRnD: false | where: {}
[2026-05-04T05:37:34.555Z] User: Ashik Tomy | Dept: r&d | Desig: r&d head | isRnD: true | where: {}
[2026-05-04T05:37:34.567Z] MRN Visibility - User: Ashik Tomy | Dept: r&d | canSeeAll: false | where: {}
[2026-05-04T06:37:17.286Z] User: Admin User | Dept: admin | Desig: administrator | isRnD: false | where: {}
[2026-05-04T06:37:18.534Z] User: Admin User | Dept: admin | Desig: administrator | isRnD: false | where: {}
[2026-05-04T06:51:47.240Z] User: Admin User | Dept: admin | Desig: administrator | isRnD: false | where: {}
[2026-05-04T06:52:04.017Z] User: Admin User | Dept: admin | Desig: administrator | isRnD: false | where: {}
[2026-05-04T07:01:53.569Z] User: Admin User | Dept: admin | Desig: administrator | isRnD: false | where: {}
[2026-05-04T07:04:57.839Z] MRN Visibility - User: Admin User | Dept: admin | canSeeAll: true | where: {}
[2026-05-04T08:46:43.250Z] MRN Visibility - User: Admin User | Dept: admin | canSeeAll: true | where: {}
[2026-05-04T08:46:50.835Z] MRN Visibility - User: Admin User | Dept: admin | canSeeAll: true | where: {}
[2026-05-04T08:48:17.950Z] MRN Visibility - User: Admin User | Dept: admin | canSeeAll: true | where: {}
[2026-05-04T08:48:32.749Z] MRN Visibility - User: Admin User | Dept: admin | canSeeAll: true | where: {}
[2026-05-04T08:48:45.709Z] MRN Visibility - User: Admin User | Dept: admin | canSeeAll: true | where: {}
[2026-05-04T08:48:56.304Z] MRN Visibility - User: Admin User | Dept: admin | canSeeAll: true | where: {}
[2026-05-04T08:49:05.866Z] User: Admin User | Dept: admin | Desig: administrator | isRnD: false | where: {}
[2026-05-04T08:49:13.322Z] MRN Visibility - User: Admin User | Dept: admin | canSeeAll: true | where: {}
[2026-05-04T08:49:17.529Z] MRN Visibility - User: Admin User | Dept: admin | canSeeAll: true | where: {}
[2026-05-04T09:04:26.047Z] User: Mahadev Ambadi | Dept: quality | Desig: qc | isRnD: false | where: {}
[2026-05-04T09:07:55.110Z] User: Mahadev Ambadi | Dept: quality | Desig: qc | isRnD: false | where: {}
[2026-05-04T09:08:07.694Z] User: Mahadev Ambadi | Dept: quality | Desig: qc | isRnD: false | where: {}
[2026-05-04T09:08:19.676Z] User: Mahadev Ambadi | Dept: quality | Desig: qc | isRnD: false | where: {}
[2026-05-04T09:08:52.941Z] User: Mahadev Ambadi | Dept: quality | Desig: qc | isRnD: false | where: {}
[2026-05-04T09:10:01.998Z] User: Mahadev Ambadi | Dept: quality | Desig: qc | isRnD: false | where: {}
[2026-05-04T09:10:17.674Z] User: Mahadev Ambadi | Dept: quality | Desig: qc | isRnD: false | where: {}
[2026-05-04T09:16:45.517Z] User: Mahadev Ambadi | Dept: quality | Desig: qc | isRnD: false | where: {}
[2026-05-04T09:18:08.009Z] User: Mahadev Ambadi | Dept: quality | Desig: qc | isRnD: false | where: {}
[2026-05-04T09:18:12.436Z] User: Mahadev Ambadi | Dept: quality | Desig: qc | isRnD: false | where: {}
[2026-05-04T09:18:12.705Z] User: Mahadev Ambadi | Dept: quality | Desig: qc | isRnD: false | where: {}
[2026-05-04T09:18:12.865Z] User: Mahadev Ambadi | Dept: quality | Desig: qc | isRnD: false | where: {}
[2026-05-04T09:18:13.075Z] User: Mahadev Ambadi | Dept: quality | Desig: qc | isRnD: false | where: {}
[2026-05-04T09:18:54.243Z] User: Cimil Charly | Dept: quality | Desig: quality lead | isRnD: false | where: {}
[2026-05-04T09:19:15.503Z] User: Cimil Charly | Dept: quality | Desig: quality lead | isRnD: false | where: {}
[2026-05-04T09:19:15.726Z] User: Cimil Charly | Dept: quality | Desig: quality lead | isRnD: false | where: {}
[2026-05-04T09:19:15.885Z] User: Cimil Charly | Dept: quality | Desig: quality lead | isRnD: false | where: {}
[2026-05-04T09:19:16.053Z] User: Cimil Charly | Dept: quality | Desig: quality lead | isRnD: false | where: {}
[2026-05-04T09:19:16.215Z] User: Cimil Charly | Dept: quality | Desig: quality lead | isRnD: false | where: {}
[2026-05-04T09:19:16.378Z] User: Cimil Charly | Dept: quality | Desig: quality lead | isRnD: false | where: {}
[2026-05-04T09:19:16.623Z] User: Cimil Charly | Dept: quality | Desig: quality lead | isRnD: false | where: {}
[2026-05-04T09:19:17.264Z] User: Cimil Charly | Dept: quality | Desig: quality lead | isRnD: false | where: {}
[2026-05-04T09:19:17.445Z] User: Cimil Charly | Dept: quality | Desig: quality lead | isRnD: false | where: {}
[2026-05-04T09:19:17.623Z] User: Cimil Charly | Dept: quality | Desig: quality lead | isRnD: false | where: {}
[2026-05-04T09:19:17.813Z] User: Cimil Charly | Dept: quality | Desig: quality lead | isRnD: false | where: {}
[2026-05-04T09:19:17.990Z] User: Cimil Charly | Dept: quality | Desig: quality lead | isRnD: false | where: {}
[2026-05-04T09:19:18.159Z] User: Cimil Charly | Dept: quality | Desig: quality lead | isRnD: false | where: {}
[2026-05-04T09:19:18.349Z] User: Cimil Charly | Dept: quality | Desig: quality lead | isRnD: false | where: {}
[2026-05-04T09:19:18.558Z] User: Cimil Charly | Dept: quality | Desig: quality lead | isRnD: false | where: {}
[2026-05-04T09:19:19.912Z] User: Cimil Charly | Dept: quality | Desig: quality lead | isRnD: false | where: {}
[2026-05-04T09:19:20.141Z] User: Cimil Charly | Dept: quality | Desig: quality lead | isRnD: false | where: {}
[2026-05-04T09:19:20.294Z] User: Cimil Charly | Dept: quality | Desig: quality lead | isRnD: false | where: {}
[2026-05-04T09:19:20.423Z] User: Cimil Charly | Dept: quality | Desig: quality lead | isRnD: false | where: {}
[2026-05-04T09:19:20.629Z] User: Cimil Charly | Dept: quality | Desig: quality lead | isRnD: false | where: {}
[2026-05-04T09:19:20.791Z] User: Cimil Charly | Dept: quality | Desig: quality lead | isRnD: false | where: {}
[2026-05-04T09:19:20.958Z] User: Cimil Charly | Dept: quality | Desig: quality lead | isRnD: false | where: {}
[2026-05-04T09:19:21.182Z] User: Cimil Charly | Dept: quality | Desig: quality lead | isRnD: false | where: {}
[2026-05-04T09:19:34.918Z] User: Cimil Charly | Dept: quality | Desig: quality lead | isRnD: false | where: {}
[2026-05-04T09:19:35.075Z] User: Cimil Charly | Dept: quality | Desig: quality lead | isRnD: false | where: {}
[2026-05-04T09:19:35.282Z] User: Cimil Charly | Dept: quality | Desig: quality lead | isRnD: false | where: {}
[2026-05-04T09:21:47.160Z] User: Cimil Charly | Dept: quality | Desig: quality lead | isRnD: false | where: {}
[2026-05-04T09:21:47.309Z] User: Cimil Charly | Dept: quality | Desig: quality lead | isRnD: false | where: {}
[2026-05-04T09:22:15.620Z] User: Cimil Charly | Dept: quality | Desig: quality lead | isRnD: false | where: {}
[2026-05-04T09:22:15.903Z] User: Cimil Charly | Dept: quality | Desig: quality lead | isRnD: false | where: {}
[2026-05-04T09:22:16.053Z] User: Cimil Charly | Dept: quality | Desig: quality lead | isRnD: false | where: {}
[2026-05-04T09:22:16.226Z] User: Cimil Charly | Dept: quality | Desig: quality lead | isRnD: false | where: {}
[2026-05-04T09:22:16.382Z] User: Cimil Charly | Dept: quality | Desig: quality lead | isRnD: false | where: {}
[2026-05-04T09:22:16.634Z] User: Cimil Charly | Dept: quality | Desig: quality lead | isRnD: false | where: {}
[2026-05-04T09:29:19.736Z] User: Cimil Charly | Dept: quality | Desig: quality lead | isRnD: false | where: {}
[2026-05-04T09:29:19.923Z] User: Cimil Charly | Dept: quality | Desig: quality lead | isRnD: false | where: {}
[2026-05-04T09:29:20.057Z] User: Cimil Charly | Dept: quality | Desig: quality lead | isRnD: false | where: {}
[2026-05-04T09:29:20.231Z] User: Cimil Charly | Dept: quality | Desig: quality lead | isRnD: false | where: {}
[2026-05-04T09:29:20.385Z] User: Cimil Charly | Dept: quality | Desig: quality lead | isRnD: false | where: {}
[2026-05-04T09:29:20.562Z] User: Cimil Charly | Dept: quality | Desig: quality lead | isRnD: false | where: {}
[2026-05-04T09:29:20.714Z] User: Cimil Charly | Dept: quality | Desig: quality lead | isRnD: false | where: {}
[2026-05-04T09:29:20.911Z] User: Cimil Charly | Dept: quality | Desig: quality lead | isRnD: false | where: {}
[2026-05-04T09:29:21.144Z] User: Cimil Charly | Dept: quality | Desig: quality lead | isRnD: false | where: {}
[2026-05-04T09:32:30.959Z] User: Ashik Tomy | Dept: r&d | Desig: r&d head | isRnD: true | where: {}
[2026-05-04T09:32:30.973Z] MRN Visibility - User: Ashik Tomy | Dept: r&d | canSeeAll: false | where: {}
[2026-05-04T09:36:28.983Z] User: Ashik Tomy | Dept: r&d | Desig: r&d head | isRnD: true | where: {}
[2026-05-04T09:36:28.996Z] MRN Visibility - User: Ashik Tomy | Dept: r&d | canSeeAll: false | where: {}
[2026-05-04T09:36:29.284Z] User: Ashik Tomy | Dept: r&d | Desig: r&d head | isRnD: true | where: {}
[2026-05-04T09:36:29.293Z] MRN Visibility - User: Ashik Tomy | Dept: r&d | canSeeAll: false | where: {}
[2026-05-04T09:43:21.568Z] User: Akhil Das | Dept: production | Desig: production | isRnD: true | where: {}
[2026-05-04T09:43:21.597Z] MRN Visibility - User: Akhil Das | Dept: production | canSeeAll: false | where: {}
[2026-05-04T09:44:05.171Z] User: Alphin Philip | Dept: r&d | Desig: project lead | isRnD: true | where: {}
[2026-05-04T09:44:05.187Z] MRN Visibility - User: Alphin Philip | Dept: r&d | canSeeAll: false | where: {}
[2026-05-04T09:44:22.726Z] User: Mahadev Ambadi | Dept: quality | Desig: quality member (qc) | isRnD: false | where: {}
[2026-05-04T09:44:53.947Z] User: Akhil Das | Dept: production | Desig: production | isRnD: true | where: {}
[2026-05-04T09:44:53.981Z] MRN Visibility - User: Akhil Das | Dept: production | canSeeAll: false | where: {}
[2026-05-04T09:45:29.904Z] User: Alphin Philip | Dept: r&d | Desig: project lead | isRnD: true | where: {}
[2026-05-04T09:45:29.932Z] MRN Visibility - User: Alphin Philip | Dept: r&d | canSeeAll: false | where: {}
[2026-05-04T09:47:18.780Z] User: Alphin Philip | Dept: r&d | Desig: project lead | isRnD: true | where: {}
[2026-05-04T09:47:18.794Z] MRN Visibility - User: Alphin Philip | Dept: r&d | canSeeAll: false | where: {}
[2026-05-04T09:47:37.697Z] User: Alphin Philip | Dept: r&d | Desig: project lead | isRnD: true | where: {}
[2026-05-04T09:47:37.706Z] MRN Visibility - User: Alphin Philip | Dept: r&d | canSeeAll: false | where: {}
[2026-05-04T09:48:49.702Z] User: Alphin Philip | Dept: r&d | Desig: project lead | isRnD: true | where: {}
[2026-05-04T09:48:49.711Z] MRN Visibility - User: Alphin Philip | Dept: r&d | canSeeAll: false | where: {}
[2026-05-04T09:51:41.042Z] User: Mahadev Ambadi | Dept: quality | Desig: quality member (qc) | isRnD: false | where: {}
[2026-05-04T09:51:54.495Z] User: Alphin Philip | Dept: r&d | Desig: project lead | isRnD: true | where: {}
[2026-05-04T09:51:54.515Z] MRN Visibility - User: Alphin Philip | Dept: r&d | canSeeAll: false | where: {}
[2026-05-04T09:55:41.659Z] User: Alphin Philip | Dept: r&d | Desig: project lead | isRnD: true | where: {}
[2026-05-04T09:55:41.666Z] MRN Visibility - User: Alphin Philip | Dept: r&d | canSeeAll: false | where: {}
[2026-05-04T09:56:27.265Z] User: John thomas | Dept: store | Desig: storekeeper | isRnD: false | where: {}
[2026-05-04T09:56:27.279Z] MRN Visibility - User: John thomas | Dept: store | canSeeAll: true | where: {}
[2026-05-04T09:56:48.935Z] User: Mahadev Ambadi | Dept: quality | Desig: quality member (qc) | isRnD: false | where: {}
[2026-05-04T09:57:21.942Z] User: John thomas | Dept: store | Desig: storekeeper | isRnD: false | where: {}
[2026-05-04T09:57:21.953Z] MRN Visibility - User: John thomas | Dept: store | canSeeAll: true | where: {}
[2026-05-04T09:57:39.461Z] MRN Visibility - User: John thomas | Dept: store | canSeeAll: true | where: {}
[2026-05-04T09:57:40.736Z] User: John thomas | Dept: store | Desig: storekeeper | isRnD: false | where: {}
[2026-05-04T09:57:40.753Z] MRN Visibility - User: John thomas | Dept: store | canSeeAll: true | where: {}
[2026-05-04T10:13:27.604Z] User: Messi | Dept: purchase | Desig: purchase manager | isRnD: false | where: {}
[2026-05-04T10:13:27.609Z] MRN Visibility - User: Messi | Dept: purchase | canSeeAll: true | where: {}
[2026-05-04T10:15:21.729Z] User: Alex zion | Dept: purchase | Desig: purchase manager | isRnD: false | where: {}
[2026-05-04T10:15:21.735Z] MRN Visibility - User: Alex zion | Dept: purchase | canSeeAll: true | where: {}
[2026-05-04T10:15:37.867Z] User: Alphin Philip | Dept: r&d | Desig: project lead | isRnD: true | where: {}
[2026-05-04T10:15:37.871Z] MRN Visibility - User: Alphin Philip | Dept: r&d | canSeeAll: false | where: {}
[2026-05-04T10:15:56.367Z] User: Mahadev Ambadi | Dept: quality | Desig: quality member (qc) | isRnD: false | where: {}
[2026-05-04T10:22:29.579Z] User: Nirmal sunil | Dept: finance | Desig: finance | isRnD: false | where: {"requested_by_id":12}
[2026-05-04T10:22:29.583Z] MRN Visibility - User: Nirmal sunil | Dept: finance | canSeeAll: false | where: {"requested_by_id":12}
[2026-05-04T10:26:49.834Z] User: Nirmal sunil | Dept: finance | Desig: finance | isRnD: false | where: {"requested_by_id":12}
[2026-05-04T10:26:49.843Z] MRN Visibility - User: Nirmal sunil | Dept: finance | canSeeAll: false | where: {"requested_by_id":12}
[2026-05-04T10:27:20.810Z] User: Nirmal sunil | Dept: finance | Desig: finance | isRnD: false | where: {"requested_by_id":12}
[2026-05-04T10:27:20.816Z] MRN Visibility - User: Nirmal sunil | Dept: finance | canSeeAll: false | where: {"requested_by_id":12}
[2026-05-04T10:27:43.705Z] User: Nirmal sunil | Dept: finance | Desig: finance | isRnD: false | where: {"requested_by_id":12}
[2026-05-04T10:27:43.720Z] MRN Visibility - User: Nirmal sunil | Dept: finance | canSeeAll: false | where: {"requested_by_id":12}
[2026-05-04T10:28:11.739Z] User: Nirmal sunil | Dept: finance | Desig: finance | isRnD: false | where: {"requested_by_id":12}
[2026-05-04T10:28:11.747Z] MRN Visibility - User: Nirmal sunil | Dept: finance | canSeeAll: false | where: {"requested_by_id":12}
[2026-05-04T10:28:36.035Z] User: Nirmal sunil | Dept: finance | Desig: finance | isRnD: false | where: {"requested_by_id":12}
[2026-05-04T10:28:36.051Z] MRN Visibility - User: Nirmal sunil | Dept: finance | canSeeAll: false | where: {"requested_by_id":12}
[2026-05-04T10:28:36.212Z] User: Nirmal sunil | Dept: finance | Desig: finance | isRnD: false | where: {"requested_by_id":12}
[2026-05-04T10:28:36.223Z] MRN Visibility - User: Nirmal sunil | Dept: finance | canSeeAll: false | where: {"requested_by_id":12}
[2026-05-04T10:28:36.352Z] MRN Visibility - User: Nirmal sunil | Dept: finance | canSeeAll: false | where: {"requested_by_id":12}
[2026-05-04T10:28:36.360Z] User: Nirmal sunil | Dept: finance | Desig: finance | isRnD: false | where: {"requested_by_id":12}
[2026-05-04T10:28:36.585Z] User: Nirmal sunil | Dept: finance | Desig: finance | isRnD: false | where: {"requested_by_id":12}
[2026-05-04T10:28:36.594Z] MRN Visibility - User: Nirmal sunil | Dept: finance | canSeeAll: false | where: {"requested_by_id":12}
[2026-05-04T10:31:44.844Z] User: Nirmal sunil | Dept: finance | Desig: finance | isRnD: false | where: {"requested_by_id":12}
[2026-05-04T10:31:44.852Z] MRN Visibility - User: Nirmal sunil | Dept: finance | canSeeAll: false | where: {"requested_by_id":12}
[2026-05-04T10:32:35.876Z] User: Nirmal sunil | Dept: finance | Desig: finance | isRnD: false | where: {"requested_by_id":12}
[2026-05-04T10:32:35.884Z] MRN Visibility - User: Nirmal sunil | Dept: finance | canSeeAll: false | where: {"requested_by_id":12}
[2026-05-04T10:33:19.856Z] User: Nirmal sunil | Dept: finance | Desig: finance | isRnD: false | where: {"requested_by_id":12}
[2026-05-04T10:33:19.868Z] MRN Visibility - User: Nirmal sunil | Dept: finance | canSeeAll: false | where: {"requested_by_id":12}
[2026-05-04T10:34:11.509Z] User: Nirmal sunil | Dept: finance | Desig: finance | isRnD: false | where: {"requested_by_id":12}
[2026-05-04T10:34:11.524Z] MRN Visibility - User: Nirmal sunil | Dept: finance | canSeeAll: false | where: {"requested_by_id":12}
[2026-05-04T10:34:11.660Z] User: Nirmal sunil | Dept: finance | Desig: finance | isRnD: false | where: {"requested_by_id":12}
[2026-05-04T10:34:11.666Z] MRN Visibility - User: Nirmal sunil | Dept: finance | canSeeAll: false | where: {"requested_by_id":12}
[2026-05-04T10:34:11.902Z] User: Nirmal sunil | Dept: finance | Desig: finance | isRnD: false | where: {"requested_by_id":12}
[2026-05-04T10:34:11.909Z] MRN Visibility - User: Nirmal sunil | Dept: finance | canSeeAll: false | where: {"requested_by_id":12}
[2026-05-04T10:34:12.060Z] User: Nirmal sunil | Dept: finance | Desig: finance | isRnD: false | where: {"requested_by_id":12}
[2026-05-04T10:34:12.070Z] MRN Visibility - User: Nirmal sunil | Dept: finance | canSeeAll: false | where: {"requested_by_id":12}
[2026-05-04T10:34:12.192Z] User: Nirmal sunil | Dept: finance | Desig: finance | isRnD: false | where: {"requested_by_id":12}
[2026-05-04T10:34:12.201Z] MRN Visibility - User: Nirmal sunil | Dept: finance | canSeeAll: false | where: {"requested_by_id":12}
[2026-05-04T10:34:12.325Z] User: Nirmal sunil | Dept: finance | Desig: finance | isRnD: false | where: {"requested_by_id":12}
[2026-05-04T10:34:12.331Z] MRN Visibility - User: Nirmal sunil | Dept: finance | canSeeAll: false | where: {"requested_by_id":12}
[2026-05-04T10:34:12.480Z] User: Nirmal sunil | Dept: finance | Desig: finance | isRnD: false | where: {"requested_by_id":12}
[2026-05-04T10:34:12.488Z] MRN Visibility - User: Nirmal sunil | Dept: finance | canSeeAll: false | where: {"requested_by_id":12}
[2026-05-04T10:34:12.633Z] User: Nirmal sunil | Dept: finance | Desig: finance | isRnD: false | where: {"requested_by_id":12}
[2026-05-04T10:34:12.640Z] MRN Visibility - User: Nirmal sunil | Dept: finance | canSeeAll: false | where: {"requested_by_id":12}
[2026-05-04T10:34:12.783Z] User: Nirmal sunil | Dept: finance | Desig: finance | isRnD: false | where: {"requested_by_id":12}
[2026-05-04T10:34:12.789Z] MRN Visibility - User: Nirmal sunil | Dept: finance | canSeeAll: false | where: {"requested_by_id":12}
[2026-05-04T10:34:12.943Z] User: Nirmal sunil | Dept: finance | Desig: finance | isRnD: false | where: {"requested_by_id":12}
[2026-05-04T10:34:12.951Z] MRN Visibility - User: Nirmal sunil | Dept: finance | canSeeAll: false | where: {"requested_by_id":12}
[2026-05-04T10:34:13.135Z] User: Nirmal sunil | Dept: finance | Desig: finance | isRnD: false | where: {"requested_by_id":12}
[2026-05-04T10:34:13.143Z] MRN Visibility - User: Nirmal sunil | Dept: finance | canSeeAll: false | where: {"requested_by_id":12}
[2026-05-04T10:34:13.300Z] User: Nirmal sunil | Dept: finance | Desig: finance | isRnD: false | where: {"requested_by_id":12}
[2026-05-04T10:34:13.307Z] MRN Visibility - User: Nirmal sunil | Dept: finance | canSeeAll: false | where: {"requested_by_id":12}
[2026-05-04T10:34:13.563Z] User: Nirmal sunil | Dept: finance | Desig: finance | isRnD: false | where: {"requested_by_id":12}
[2026-05-04T10:34:13.571Z] MRN Visibility - User: Nirmal sunil | Dept: finance | canSeeAll: false | where: {"requested_by_id":12}
[2026-05-04T10:34:13.755Z] User: Nirmal sunil | Dept: finance | Desig: finance | isRnD: false | where: {"requested_by_id":12}
[2026-05-04T10:34:13.761Z] MRN Visibility - User: Nirmal sunil | Dept: finance | canSeeAll: false | where: {"requested_by_id":12}
[2026-05-04T10:34:13.963Z] User: Nirmal sunil | Dept: finance | Desig: finance | isRnD: false | where: {"requested_by_id":12}
[2026-05-04T10:34:13.971Z] MRN Visibility - User: Nirmal sunil | Dept: finance | canSeeAll: false | where: {"requested_by_id":12}
[2026-05-04T10:36:35.350Z] User: Nirmal sunil | Dept: finance | Desig: finance | isRnD: false | where: {"requested_by_id":12}
[2026-05-04T10:36:35.361Z] MRN Visibility - User: Nirmal sunil | Dept: finance | canSeeAll: false | where: {"requested_by_id":12}
[2026-05-04T10:37:42.493Z] User: Nirmal sunil | Dept: finance | Desig: finance | isRnD: false | where: {"requested_by_id":12}
[2026-05-04T10:37:42.504Z] MRN Visibility - User: Nirmal sunil | Dept: finance | canSeeAll: false | where: {"requested_by_id":12}
[2026-05-04T10:37:42.747Z] User: Nirmal sunil | Dept: finance | Desig: finance | isRnD: false | where: {"requested_by_id":12}
[2026-05-04T10:37:42.753Z] MRN Visibility - User: Nirmal sunil | Dept: finance | canSeeAll: false | where: {"requested_by_id":12}
[2026-05-04T10:37:42.899Z] User: Nirmal sunil | Dept: finance | Desig: finance | isRnD: false | where: {"requested_by_id":12}
[2026-05-04T10:37:42.907Z] MRN Visibility - User: Nirmal sunil | Dept: finance | canSeeAll: false | where: {"requested_by_id":12}
[2026-05-04T10:37:43.047Z] User: Nirmal sunil | Dept: finance | Desig: finance | isRnD: false | where: {"requested_by_id":12}
[2026-05-04T10:37:43.055Z] MRN Visibility - User: Nirmal sunil | Dept: finance | canSeeAll: false | where: {"requested_by_id":12}
[2026-05-04T10:37:43.201Z] User: Nirmal sunil | Dept: finance | Desig: finance | isRnD: false | where: {"requested_by_id":12}
[2026-05-04T10:37:43.212Z] MRN Visibility - User: Nirmal sunil | Dept: finance | canSeeAll: false | where: {"requested_by_id":12}
[2026-05-04T10:37:43.374Z] User: Nirmal sunil | Dept: finance | Desig: finance | isRnD: false | where: {"requested_by_id":12}
[2026-05-04T10:37:43.381Z] MRN Visibility - User: Nirmal sunil | Dept: finance | canSeeAll: false | where: {"requested_by_id":12}
[2026-05-04T10:37:43.529Z] User: Nirmal sunil | Dept: finance | Desig: finance | isRnD: false | where: {"requested_by_id":12}
[2026-05-04T10:37:43.538Z] MRN Visibility - User: Nirmal sunil | Dept: finance | canSeeAll: false | where: {"requested_by_id":12}
[2026-05-04T10:37:43.743Z] User: Nirmal sunil | Dept: finance | Desig: finance | isRnD: false | where: {"requested_by_id":12}
[2026-05-04T10:37:43.751Z] MRN Visibility - User: Nirmal sunil | Dept: finance | canSeeAll: false | where: {"requested_by_id":12}
[2026-05-04T10:38:31.872Z] User: Nirmal sunil | Dept: finance | Desig: finance | isRnD: false | where: {"requested_by_id":12}
[2026-05-04T10:38:31.881Z] MRN Visibility - User: Nirmal sunil | Dept: finance | canSeeAll: false | where: {"requested_by_id":12}
[2026-05-04T10:39:34.841Z] User: Nirmal sunil | Dept: finance | Desig: finance | isRnD: false | where: {"requested_by_id":12}
[2026-05-04T10:39:34.869Z] MRN Visibility - User: Nirmal sunil | Dept: finance | canSeeAll: false | where: {"requested_by_id":12}
[2026-05-04T10:39:42.316Z] User: Alphin Philip | Dept: r&d | Desig: project lead | isRnD: true | where: {}
[2026-05-04T10:39:42.410Z] MRN Visibility - User: Alphin Philip | Dept: r&d | canSeeAll: false | where: {}
[2026-05-04T10:40:09.707Z] User: Alphin Philip | Dept: r&d | Desig: project lead | isRnD: true | where: {}
[2026-05-04T10:40:19.134Z] User: Nirmal sunil | Dept: finance | Desig: finance | isRnD: false | where: {"requested_by_id":12}
[2026-05-04T10:40:19.146Z] MRN Visibility - User: Nirmal sunil | Dept: finance | canSeeAll: false | where: {"requested_by_id":12}
[2026-05-04T10:40:44.996Z] User: Nirmal sunil | Dept: finance | Desig: finance | isRnD: false | where: {"requested_by_id":12}
[2026-05-04T10:40:45.013Z] MRN Visibility - User: Nirmal sunil | Dept: finance | canSeeAll: false | where: {"requested_by_id":12}
[2026-05-04T10:40:45.156Z] User: Nirmal sunil | Dept: finance | Desig: finance | isRnD: false | where: {"requested_by_id":12}
[2026-05-04T10:40:45.165Z] MRN Visibility - User: Nirmal sunil | Dept: finance | canSeeAll: false | where: {"requested_by_id":12}
[2026-05-04T10:40:45.348Z] User: Nirmal sunil | Dept: finance | Desig: finance | isRnD: false | where: {"requested_by_id":12}
[2026-05-04T10:40:45.355Z] MRN Visibility - User: Nirmal sunil | Dept: finance | canSeeAll: false | where: {"requested_by_id":12}
[2026-05-04T10:42:31.463Z] User: Nirmal sunil | Dept: finance | Desig: finance | isRnD: false | where: {"requested_by_id":12}
[2026-05-04T10:42:31.475Z] MRN Visibility - User: Nirmal sunil | Dept: finance | canSeeAll: false | where: {"requested_by_id":12}
[2026-05-04T10:42:31.624Z] User: Nirmal sunil | Dept: finance | Desig: finance | isRnD: false | where: {"requested_by_id":12}
[2026-05-04T10:42:31.630Z] MRN Visibility - User: Nirmal sunil | Dept: finance | canSeeAll: false | where: {"requested_by_id":12}
[2026-05-04T10:42:31.815Z] User: Nirmal sunil | Dept: finance | Desig: finance | isRnD: false | where: {"requested_by_id":12}
[2026-05-04T10:42:31.824Z] MRN Visibility - User: Nirmal sunil | Dept: finance | canSeeAll: false | where: {"requested_by_id":12}
[2026-05-04T10:42:32.017Z] User: Nirmal sunil | Dept: finance | Desig: finance | isRnD: false | where: {"requested_by_id":12}
[2026-05-04T10:42:32.024Z] MRN Visibility - User: Nirmal sunil | Dept: finance | canSeeAll: false | where: {"requested_by_id":12}
[2026-05-04T10:42:32.205Z] User: Nirmal sunil | Dept: finance | Desig: finance | isRnD: false | where: {"requested_by_id":12}
[2026-05-04T10:42:32.212Z] MRN Visibility - User: Nirmal sunil | Dept: finance | canSeeAll: false | where: {"requested_by_id":12}
[2026-05-04T10:42:32.413Z] User: Nirmal sunil | Dept: finance | Desig: finance | isRnD: false | where: {"requested_by_id":12}
[2026-05-04T10:42:32.419Z] MRN Visibility - User: Nirmal sunil | Dept: finance | canSeeAll: false | where: {"requested_by_id":12}
[2026-05-04T10:42:32.600Z] User: Nirmal sunil | Dept: finance | Desig: finance | isRnD: false | where: {"requested_by_id":12}
[2026-05-04T10:42:32.608Z] MRN Visibility - User: Nirmal sunil | Dept: finance | canSeeAll: false | where: {"requested_by_id":12}
[2026-05-04T10:43:29.677Z] User: Nirmal sunil | Dept: finance | Desig: finance | isRnD: false | where: {"requested_by_id":12}
[2026-05-04T10:43:29.682Z] MRN Visibility - User: Nirmal sunil | Dept: finance | canSeeAll: false | where: {"requested_by_id":12}
[2026-05-04T10:43:50.397Z] User: Nirmal sunil | Dept: finance | Desig: finance | isRnD: false | where: {"requested_by_id":12}
[2026-05-04T10:43:50.410Z] MRN Visibility - User: Nirmal sunil | Dept: finance | canSeeAll: false | where: {"requested_by_id":12}
[2026-05-04T10:43:50.584Z] User: Nirmal sunil | Dept: finance | Desig: finance | isRnD: false | where: {"requested_by_id":12}
[2026-05-04T10:43:50.590Z] MRN Visibility - User: Nirmal sunil | Dept: finance | canSeeAll: false | where: {"requested_by_id":12}
[2026-05-04T10:50:38.658Z] User: Nirmal sunil | Dept: finance | Desig: finance | isRnD: false | where: {"requested_by_id":12}
[2026-05-04T10:50:38.675Z] MRN Visibility - User: Nirmal sunil | Dept: finance | canSeeAll: false | where: {"requested_by_id":12}
[2026-05-04T10:50:50.561Z] User: Nirmal sunil | Dept: finance | Desig: finance | isRnD: false | where: {"requested_by_id":12}
[2026-05-04T10:50:50.567Z] MRN Visibility - User: Nirmal sunil | Dept: finance | canSeeAll: false | where: {"requested_by_id":12}
[2026-05-04T10:51:03.560Z] User: Nirmal sunil | Dept: finance | Desig: finance | isRnD: false | where: {"requested_by_id":12}
[2026-05-04T10:51:03.565Z] MRN Visibility - User: Nirmal sunil | Dept: finance | canSeeAll: false | where: {"requested_by_id":12}
[2026-05-04T10:51:32.652Z] User: Nirmal sunil | Dept: finance | Desig: finance | isRnD: false | where: {"requested_by_id":12}
[2026-05-04T10:51:32.657Z] MRN Visibility - User: Nirmal sunil | Dept: finance | canSeeAll: false | where: {"requested_by_id":12}
[2026-05-04T10:52:11.154Z] User: Mahadev Ambadi | Dept: quality | Desig: quality member (qc) | isRnD: false | where: {}
[2026-05-04T10:57:22.630Z] User: Mahadev Ambadi | Dept: quality | Desig: quality member (qc) | isRnD: false | where: {}
[2026-05-04T10:57:46.201Z] User: Mahadev Ambadi | Dept: quality | Desig: quality member (qc) | isRnD: false | where: {}
[2026-05-04T10:57:46.360Z] User: Mahadev Ambadi | Dept: quality | Desig: quality member (qc) | isRnD: false | where: {}
[2026-05-04T10:57:46.527Z] User: Mahadev Ambadi | Dept: quality | Desig: quality member (qc) | isRnD: false | where: {}
[2026-05-04T10:57:46.671Z] User: Mahadev Ambadi | Dept: quality | Desig: quality member (qc) | isRnD: false | where: {}
[2026-05-04T10:57:46.825Z] User: Mahadev Ambadi | Dept: quality | Desig: quality member (qc) | isRnD: false | where: {}
[2026-05-04T10:57:46.984Z] User: Mahadev Ambadi | Dept: quality | Desig: quality member (qc) | isRnD: false | where: {}
[2026-05-04T10:57:47.215Z] User: Mahadev Ambadi | Dept: quality | Desig: quality member (qc) | isRnD: false | where: {}
[2026-05-04T10:57:56.391Z] User: Mahadev Ambadi | Dept: quality | Desig: quality member (qc) | isRnD: false | where: {}
[2026-05-04T10:58:17.350Z] User: Cimil Charly | Dept: quality | Desig: quality lead | isRnD: false | where: {}
[2026-05-04T10:58:47.959Z] User: Admin User | Dept: admin | Desig: administrator | isRnD: false | where: {}
[2026-05-04T10:58:54.155Z] User: Admin User | Dept: admin | Desig: administrator | isRnD: false | where: {}
[2026-05-04T11:05:56.757Z] User: Ashik Tomy | Dept: r&d | Desig: r&d head | isRnD: true | where: {}
[2026-05-04T11:05:56.776Z] MRN Visibility - User: Ashik Tomy | Dept: r&d | canSeeAll: false | where: {}
[2026-05-04T11:29:14.314Z] User: Admin User | Dept: admin | Desig: administrator | isRnD: false | where: {}
[2026-05-04T16:46:09.581Z] User: Admin User | Dept: admin | Desig: administrator | isRnD: false | where: {}
[2026-05-04T16:48:46.793Z] User: Admin User | Dept: admin | Desig: administrator | isRnD: false | where: {}
[2026-05-04T16:48:48.403Z] User: Admin User | Dept: admin | Desig: administrator | isRnD: false | where: {}
[2026-05-04T16:48:51.868Z] User: Admin User | Dept: admin | Desig: administrator | isRnD: false | where: {}
[2026-05-04T16:49:28.041Z] User: Admin User | Dept: admin | Desig: administrator | isRnD: false | where: {}
[2026-05-04T16:51:30.957Z] User: Admin User | Dept: admin | Desig: administrator | isRnD: false | where: {}
[2026-05-04T16:51:31.702Z] User: Admin User | Dept: admin | Desig: administrator | isRnD: false | where: {}
[2026-05-04T16:51:31.905Z] User: Admin User | Dept: admin | Desig: administrator | isRnD: false | where: {}
[2026-05-04T16:51:42.593Z] User: Admin User | Dept: admin | Desig: administrator | isRnD: false | where: {}
[2026-05-04T16:51:43.489Z] User: Admin User | Dept: admin | Desig: administrator | isRnD: false | where: {}
[2026-05-04T16:51:46.488Z] User: Admin User | Dept: admin | Desig: administrator | isRnD: false | where: {}
[2026-05-04T16:51:49.692Z] User: Admin User | Dept: admin | Desig: administrator | isRnD: false | where: {}
[2026-05-04T16:51:53.999Z] User: Admin User | Dept: admin | Desig: administrator | isRnD: false | where: {}
[2026-05-04T16:53:29.950Z] User: Admin User | Dept: admin | Desig: administrator | isRnD: false | where: {}
[2026-05-04T16:53:45.093Z] User: Admin User | Dept: admin | Desig: administrator | isRnD: false | where: {}
[2026-05-04T16:57:41.611Z] User: Admin User | Dept: admin | Desig: administrator | isRnD: false | where: {}
[2026-05-04T16:57:43.117Z] User: Admin User | Dept: admin | Desig: administrator | isRnD: false | where: {}
[2026-05-04T16:57:45.797Z] User: Admin User | Dept: admin | Desig: administrator | isRnD: false | where: {}
[2026-05-04T16:58:55.359Z] User: Admin User | Dept: admin | Desig: administrator | isRnD: false | where: {}
[2026-05-04T16:59:01.936Z] User: Admin User | Dept: admin | Desig: administrator | isRnD: false | where: {}
[2026-05-04T16:59:16.194Z] User: Admin User | Dept: admin | Desig: administrator | isRnD: false | where: {}
[2026-05-04T17:04:47.913Z] User: Admin User | Dept: admin | Desig: administrator | isRnD: false | where: {}
[2026-05-04T17:06:47.976Z] User: Admin User | Dept: admin | Desig: administrator | isRnD: false | where: {}
[2026-05-04T17:06:55.313Z] User: Admin User | Dept: admin | Desig: administrator | isRnD: false | where: {}
[2026-05-04T17:07:21.899Z] User: Admin User | Dept: admin | Desig: administrator | isRnD: false | where: {}
[2026-05-04T17:41:02.191Z] User: Admin User | Dept: admin | Desig: administrator | isRnD: false | where: {}
[2026-05-04T17:46:29.940Z] User: Admin User | Dept: admin | Desig: administrator | isRnD: false | where: {}
[2026-05-04T17:47:21.185Z] User: Admin User | Dept: admin | Desig: administrator | isRnD: false | where: {}
[2026-05-04T17:47:43.419Z] User: Admin User | Dept: admin | Desig: administrator | isRnD: false | where: {}
[2026-05-07T04:08:17.939Z] User: Admin User | Dept: admin | Desig: administrator | isRnD: false | where: {}
[2026-05-07T04:12:11.519Z] User: Admin User | Dept: admin | Desig: administrator | isRnD: false | where: {}
[2026-05-07T04:13:32.724Z] User: Admin User | Dept: admin | Desig: administrator | isRnD: false | where: {}
[2026-05-07T04:13:41.402Z] User: Admin User | Dept: admin | Desig: administrator | isRnD: false | where: {}
[2026-05-07T04:13:57.005Z] User: Admin User | Dept: admin | Desig: administrator | isRnD: false | where: {}
[2026-05-07T04:15:32.556Z] User: Admin User | Dept: admin | Desig: administrator | isRnD: false | where: {}
[2026-05-07T04:15:42.567Z] User: Admin User | Dept: admin | Desig: administrator | isRnD: false | where: {}
[2026-05-07T04:25:44.983Z] User: Admin User | Dept: admin | Desig: administrator | isRnD: false | where: {}
[2026-05-07T04:28:03.612Z] User: Admin User | Dept: admin | Desig: administrator | isRnD: false | where: {}
[2026-05-07T04:28:23.697Z] User: Admin User | Dept: admin | Desig: administrator | isRnD: false | where: {}
[2026-05-07T04:28:32.559Z] User: Admin User | Dept: admin | Desig: administrator | isRnD: false | where: {}
[2026-05-07T04:28:49.856Z] User: Admin User | Dept: admin | Desig: administrator | isRnD: false | where: {}
[2026-05-07T04:29:43.536Z] User: Admin User | Dept: admin | Desig: administrator | isRnD: false | where: {}
[2026-05-07T04:29:59.037Z] User: Admin User | Dept: admin | Desig: administrator | isRnD: false | where: {}
[2026-05-07T04:30:02.707Z] User: Admin User | Dept: admin | Desig: administrator | isRnD: false | where: {}
[2026-05-07T04:30:24.133Z] User: Admin User | Dept: admin | Desig: administrator | isRnD: false | where: {}
[2026-05-07T04:30:49.833Z] User: Admin User | Dept: admin | Desig: administrator | isRnD: false | where: {}
[2026-05-07T04:31:01.990Z] User: Admin User | Dept: admin | Desig: administrator | isRnD: false | where: {}
[2026-05-07T04:31:09.516Z] User: Admin User | Dept: admin | Desig: administrator | isRnD: false | where: {}
[2026-05-07T04:31:16.582Z] User: Admin User | Dept: admin | Desig: administrator | isRnD: false | where: {}
[2026-05-07T04:31:34.299Z] User: Admin User | Dept: admin | Desig: administrator | isRnD: false | where: {}
[2026-05-07T04:31:37.864Z] User: Admin User | Dept: admin | Desig: administrator | isRnD: false | where: {}
[2026-05-07T04:31:40.332Z] User: Admin User | Dept: admin | Desig: administrator | isRnD: false | where: {}
[2026-05-07T04:31:48.329Z] User: Admin User | Dept: admin | Desig: administrator | isRnD: false | where: {}
[2026-05-07T04:35:43.523Z] User: Admin User | Dept: admin | Desig: administrator | isRnD: false | where: {}
[2026-05-07T04:36:52.364Z] User: Admin User | Dept: admin | Desig: administrator | isRnD: false | where: {}
[2026-05-07T04:37:07.161Z] User: Admin User | Dept: admin | Desig: administrator | isRnD: false | where: {}
[2026-05-07T04:38:02.514Z] User: Admin User | Dept: admin | Desig: administrator | isRnD: false | where: {}
[2026-05-07T04:38:16.555Z] User: Admin User | Dept: admin | Desig: administrator | isRnD: false | where: {}
[2026-05-07T04:38:33.464Z] User: Admin User | Dept: admin | Desig: administrator | isRnD: false | where: {}
[2026-05-07T04:38:40.406Z] User: Admin User | Dept: admin | Desig: administrator | isRnD: false | where: {}
[2026-05-07T04:38:48.419Z] User: Admin User | Dept: admin | Desig: administrator | isRnD: false | where: {}
[2026-05-07T04:39:01.836Z] User: Admin User | Dept: admin | Desig: administrator | isRnD: false | where: {}
[2026-05-07T04:39:12.000Z] User: Admin User | Dept: admin | Desig: administrator | isRnD: false | where: {}
[2026-05-07T04:39:21.916Z] User: Admin User | Dept: admin | Desig: administrator | isRnD: false | where: {}
[2026-05-07T04:39:29.710Z] User: Admin User | Dept: admin | Desig: administrator | isRnD: false | where: {}
[2026-05-07T04:39:34.539Z] User: Admin User | Dept: admin | Desig: administrator | isRnD: false | where: {}
[2026-05-07T04:39:58.416Z] User: Admin User | Dept: admin | Desig: administrator | isRnD: false | where: {}
[2026-05-07T04:40:04.008Z] User: Admin User | Dept: admin | Desig: administrator | isRnD: false | where: {}
[2026-05-07T04:40:10.850Z] User: Admin User | Dept: admin | Desig: administrator | isRnD: false | where: {}
[2026-05-07T04:40:19.254Z] User: Admin User | Dept: admin | Desig: administrator | isRnD: false | where: {}
[2026-05-07T04:40:24.556Z] User: Admin User | Dept: admin | Desig: administrator | isRnD: false | where: {}
[2026-05-07T04:40:33.949Z] User: Admin User | Dept: admin | Desig: administrator | isRnD: false | where: {}
[2026-05-07T04:40:39.152Z] User: Admin User | Dept: admin | Desig: administrator | isRnD: false | where: {}
[2026-05-07T04:40:51.385Z] User: Admin User | Dept: admin | Desig: administrator | isRnD: false | where: {}
[2026-05-07T04:40:57.209Z] User: Admin User | Dept: admin | Desig: administrator | isRnD: false | where: {}
[2026-05-07T04:41:05.197Z] User: Admin User | Dept: admin | Desig: administrator | isRnD: false | where: {}
[2026-05-07T04:41:10.179Z] User: Admin User | Dept: admin | Desig: administrator | isRnD: false | where: {}
[2026-05-07T04:41:19.995Z] User: Admin User | Dept: admin | Desig: administrator | isRnD: false | where: {}
[2026-05-07T04:41:53.249Z] User: Admin User | Dept: admin | Desig: administrator | isRnD: false | where: {}
[2026-05-07T04:42:17.465Z] User: Admin User | Dept: admin | Desig: administrator | isRnD: false | where: {}
[2026-05-07T04:42:39.539Z] User: Admin User | Dept: admin | Desig: administrator | isRnD: false | where: {}
[2026-05-07T04:55:28.855Z] User: Admin User | Dept: admin | Desig: administrator | isRnD: false | where: {}
[2026-05-07T04:56:53.441Z] MRN Visibility - User: Admin User | Dept: admin | canSeeAll: true | where: {}
[2026-05-07T04:57:48.529Z] MRN Visibility - User: Admin User | Dept: admin | canSeeAll: true | where: {}
[2026-05-07T04:58:24.814Z] MRN Visibility - User: Admin User | Dept: admin | canSeeAll: true | where: {}
[2026-05-07T05:06:46.036Z] User: Admin User | Dept: admin | Desig: administrator | isRnD: false | where: {}
[2026-05-07T05:07:53.053Z] User: Admin User | Dept: admin | Desig: administrator | isRnD: false | where: {}
[2026-05-07T05:20:41.194Z] User: Admin User | Dept: admin | Desig: administrator | isRnD: false | where: {}
[2026-05-07T05:29:52.274Z] User: Admin User | Dept: admin | Desig: administrator | isRnD: false | where: {}
[2026-05-07T05:32:22.290Z] User: Alphin Philip | Dept: r&d | Desig: project lead | isRnD: true | where: {}
[2026-05-07T05:32:22.302Z] MRN Visibility - User: Alphin Philip | Dept: r&d | canSeeAll: false | where: {}
[2026-05-07T05:33:00.741Z] User: Mahadev Ambadi | Dept: quality | Desig: quality member (qc) | isRnD: false | where: {}
[2026-05-07T05:33:15.012Z] User: Mahadev Ambadi | Dept: quality | Desig: quality member (qc) | isRnD: false | where: {}
[2026-05-07T05:33:59.701Z] User: Airene V | Dept: purchase | Desig: purchase officer | isRnD: false | where: {}
[2026-05-07T05:33:59.709Z] MRN Visibility - User: Airene V | Dept: purchase | canSeeAll: true | where: {}
[2026-05-07T05:35:12.883Z] User: Akhil Das | Dept: production | Desig: production | isRnD: true | where: {}
[2026-05-07T05:35:12.898Z] MRN Visibility - User: Akhil Das | Dept: production | canSeeAll: false | where: {}
[2026-05-07T05:37:32.391Z] User: John thomas | Dept: store | Desig: storekeeper | isRnD: false | where: {}
[2026-05-07T05:37:32.405Z] MRN Visibility - User: John thomas | Dept: store | canSeeAll: true | where: {}
[2026-05-07T05:38:07.444Z] User: Nirmal sunil | Dept: finance | Desig: finance | isRnD: false | where: {}
[2026-05-07T05:38:07.453Z] MRN Visibility - User: Nirmal sunil | Dept: finance | canSeeAll: false | where: {"requested_by_id":12}
[2026-05-07T05:39:19.764Z] User: Admin User | Dept: admin | Desig: administrator | isRnD: false | where: {}
[2026-05-07T05:39:45.213Z] User: Admin User | Dept: admin | Desig: administrator | isRnD: false | where: {}
[2026-05-07T05:41:54.152Z] User: Admin User | Dept: admin | Desig: administrator | isRnD: false | where: {}
[2026-05-07T05:42:54.424Z] User: Admin User | Dept: admin | Desig: administrator | isRnD: false | where: {}
[2026-05-07T05:45:44.692Z] User: Admin User | Dept: admin | Desig: administrator | isRnD: false | where: {}
[2026-05-07T06:01:37.237Z] User: Admin User | Dept: admin | Desig: administrator | isRnD: false | where: {}
[2026-05-07T06:02:13.576Z] User: Admin User | Dept: admin | Desig: administrator | isRnD: false | where: {}
[2026-05-07T06:03:55.140Z] User: Admin User | Dept: admin | Desig: administrator | isRnD: false | where: {}
[2026-05-07T06:04:58.275Z] User: Admin User | Dept: admin | Desig: administrator | isRnD: false | where: {}
[2026-05-07T06:05:49.963Z] User: Admin User | Dept: admin | Desig: administrator | isRnD: false | where: {}
[2026-05-07T06:05:59.442Z] User: Admin User | Dept: admin | Desig: administrator | isRnD: false | where: {}
[2026-05-07T06:06:13.194Z] User: Admin User | Dept: admin | Desig: administrator | isRnD: false | where: {}
[2026-05-07T06:08:18.647Z] User: Admin User | Dept: admin | Desig: administrator | isRnD: false | where: {}
[2026-05-07T06:08:41.446Z] User: Admin User | Dept: admin | Desig: administrator | isRnD: false | where: {}
[2026-05-07T06:21:57.666Z] User: Admin User | Dept: admin | Desig: administrator | isRnD: false | where: {}
[2026-05-07T06:23:15.621Z] User: Admin User | Dept: admin | Desig: administrator | isRnD: false | where: {}
[2026-05-07T06:24:44.751Z] User: Admin User | Dept: admin | Desig: administrator | isRnD: false | where: {}
[2026-05-07T06:27:12.628Z] User: Admin User | Dept: admin | Desig: administrator | isRnD: false | where: {}
[2026-05-07T06:36:42.313Z] User: Admin User | Dept: admin | Desig: administrator | isRnD: false | where: {}
[2026-05-07T06:36:43.623Z] User: Admin User | Dept: admin | Desig: administrator | isRnD: false | where: {}
[2026-05-07T06:36:48.749Z] User: Admin User | Dept: admin | Desig: administrator | isRnD: false | where: {}
[2026-05-07T06:37:24.213Z] User: Admin User | Dept: admin | Desig: administrator | isRnD: false | where: {}
[2026-05-07T06:42:40.932Z] User: Admin User | Dept: admin | Desig: administrator | isRnD: false | where: {}
[2026-05-07T06:43:46.834Z] User: Admin User | Dept: admin | Desig: administrator | isRnD: false | where: {}
[2026-05-07T06:44:12.747Z] User: Admin User | Dept: admin | Desig: administrator | isRnD: false | where: {}
[2026-05-07T06:46:23.007Z] User: Admin User | Dept: admin | Desig: administrator | isRnD: false | where: {}
[2026-05-07T06:47:44.046Z] User: Admin User | Dept: admin | Desig: administrator | isRnD: false | where: {}
[2026-05-07T06:48:00.037Z] User: Admin User | Dept: admin | Desig: administrator | isRnD: false | where: {}
[2026-05-07T06:48:06.309Z] User: Admin User | Dept: admin | Desig: administrator | isRnD: false | where: {}
[2026-05-07T06:48:08.876Z] User: Admin User | Dept: admin | Desig: administrator | isRnD: false | where: {}
[2026-05-07T06:48:11.983Z] User: Admin User | Dept: admin | Desig: administrator | isRnD: false | where: {}
[2026-05-07T06:49:30.968Z] User: Admin User | Dept: admin | Desig: administrator | isRnD: false | where: {}
[2026-05-07T06:52:20.726Z] User: Admin User | Dept: admin | Desig: administrator | isRnD: false | where: {}
[2026-05-07T06:52:27.266Z] User: Admin User | Dept: admin | Desig: administrator | isRnD: false | where: {}
[2026-05-07T06:54:17.739Z] User: Admin User | Dept: admin | Desig: administrator | isRnD: false | where: {}
[2026-05-07T06:54:19.390Z] User: Admin User | Dept: admin | Desig: administrator | isRnD: false | where: {}
[2026-05-07T06:54:19.880Z] User: Admin User | Dept: admin | Desig: administrator | isRnD: false | where: {}
[2026-05-07T06:54:20.094Z] User: Admin User | Dept: admin | Desig: administrator | isRnD: false | where: {}
[2026-05-07T06:54:25.127Z] User: Admin User | Dept: admin | Desig: administrator | isRnD: false | where: {}
[2026-05-07T06:54:25.761Z] User: Admin User | Dept: admin | Desig: administrator | isRnD: false | where: {}
[2026-05-07T06:54:25.926Z] User: Admin User | Dept: admin | Desig: administrator | isRnD: false | where: {}
[2026-05-07T06:54:26.137Z] User: Admin User | Dept: admin | Desig: administrator | isRnD: false | where: {}
[2026-05-07T06:54:28.021Z] User: Admin User | Dept: admin | Desig: administrator | isRnD: false | where: {}
[2026-05-07T06:54:28.200Z] User: Admin User | Dept: admin | Desig: administrator | isRnD: false | where: {}
[2026-05-07T06:54:28.361Z] User: Admin User | Dept: admin | Desig: administrator | isRnD: false | where: {}
[2026-05-07T06:55:53.390Z] User: Admin User | Dept: admin | Desig: administrator | isRnD: false | where: {}
[2026-05-07T06:59:06.363Z] User: Admin User | Dept: admin | Desig: administrator | isRnD: false | where: {}
[2026-05-07T07:03:02.363Z] User: Admin User | Dept: admin | Desig: administrator | isRnD: false | where: {}
[2026-05-07T07:04:46.028Z] User: Admin User | Dept: admin | Desig: administrator | isRnD: false | where: {}
[2026-05-07T07:05:51.360Z] User: Admin User | Dept: admin | Desig: administrator | isRnD: false | where: {}
[2026-05-07T07:06:57.951Z] User: Admin User | Dept: admin | Desig: administrator | isRnD: false | where: {}
[2026-05-07T07:06:59.735Z] User: Admin User | Dept: admin | Desig: administrator | isRnD: false | where: {}
[2026-05-07T07:07:51.468Z] User: Admin User | Dept: admin | Desig: administrator | isRnD: false | where: {}
[2026-05-07T07:08:04.171Z] User: Admin User | Dept: admin | Desig: administrator | isRnD: false | where: {}
[2026-05-07T07:08:05.256Z] User: Admin User | Dept: admin | Desig: administrator | isRnD: false | where: {}
[2026-05-07T07:08:05.961Z] User: Admin User | Dept: admin | Desig: administrator | isRnD: false | where: {}
[2026-05-07T07:08:06.392Z] User: Admin User | Dept: admin | Desig: administrator | isRnD: false | where: {}
[2026-05-07T07:08:06.615Z] User: Admin User | Dept: admin | Desig: administrator | isRnD: false | where: {}
[2026-05-07T07:08:42.327Z] User: Admin User | Dept: admin | Desig: administrator | isRnD: false | where: {}
[2026-05-07T07:08:55.682Z] User: Admin User | Dept: admin | Desig: administrator | isRnD: false | where: {}
[2026-05-07T07:08:56.672Z] User: Admin User | Dept: admin | Desig: administrator | isRnD: false | where: {}
[2026-05-07T07:08:57.269Z] User: Admin User | Dept: admin | Desig: administrator | isRnD: false | where: {}
[2026-05-07T07:08:57.471Z] User: Admin User | Dept: admin | Desig: administrator | isRnD: false | where: {}
[2026-05-07T07:08:58.080Z] User: Admin User | Dept: admin | Desig: administrator | isRnD: false | where: {}
[2026-05-07T07:09:40.779Z] User: Admin User | Dept: admin | Desig: administrator | isRnD: false | where: {}
[2026-05-07T07:09:43.090Z] User: Admin User | Dept: admin | Desig: administrator | isRnD: false | where: {}
[2026-05-07T07:09:49.510Z] User: Admin User | Dept: admin | Desig: administrator | isRnD: false | where: {}
[2026-05-07T07:11:01.870Z] User: Admin User | Dept: admin | Desig: administrator | isRnD: false | where: {}
[2026-05-07T07:13:07.486Z] User: Admin User | Dept: admin | Desig: administrator | isRnD: false | where: {}
[2026-05-07T07:13:16.482Z] User: Admin User | Dept: admin | Desig: administrator | isRnD: false | where: {}
[2026-05-07T07:13:27.417Z] User: Admin User | Dept: admin | Desig: administrator | isRnD: false | where: {}
[2026-05-07T07:13:53.026Z] User: Admin User | Dept: admin | Desig: administrator | isRnD: false | where: {}
[2026-05-07T07:13:56.584Z] User: Admin User | Dept: admin | Desig: administrator | isRnD: false | where: {}
[2026-05-07T07:23:14.282Z] MRN Visibility - User: Admin User | Dept: admin | canSeeAll: true | where: {}
[2026-05-07T07:31:29.939Z] User: Admin User | Dept: admin | Desig: administrator | isRnD: false | where: {}
[2026-05-07T07:31:42.106Z] User: Admin User | Dept: admin | Desig: administrator | isRnD: false | where: {}
[2026-05-07T07:31:50.250Z] User: Admin User | Dept: admin | Desig: administrator | isRnD: false | where: {}
[2026-05-07T07:31:58.270Z] User: Admin User | Dept: admin | Desig: administrator | isRnD: false | where: {}
[2026-05-07T07:31:59.884Z] User: Admin User | Dept: admin | Desig: administrator | isRnD: false | where: {}
[2026-05-07T07:32:06.913Z] User: Admin User | Dept: admin | Desig: administrator | isRnD: false | where: {}
[2026-05-07T07:32:11.268Z] User: Admin User | Dept: admin | Desig: administrator | isRnD: false | where: {}
[2026-05-07T07:32:14.276Z] User: Admin User | Dept: admin | Desig: administrator | isRnD: false | where: {}
[2026-05-07T07:32:16.248Z] User: Admin User | Dept: admin | Desig: administrator | isRnD: false | where: {}
[2026-05-07T07:32:28.912Z] User: Admin User | Dept: admin | Desig: administrator | isRnD: false | where: {}
[2026-05-07T07:32:36.588Z] User: Admin User | Dept: admin | Desig: administrator | isRnD: false | where: {}
[2026-05-07T07:32:41.144Z] User: Admin User | Dept: admin | Desig: administrator | isRnD: false | where: {}
[2026-05-07T07:33:12.490Z] User: Admin User | Dept: admin | Desig: administrator | isRnD: false | where: {}
[2026-05-07T07:34:59.450Z] User: Admin User | Dept: admin | Desig: administrator | isRnD: false | where: {}
[2026-05-07T07:35:22.119Z] User: Admin User | Dept: admin | Desig: administrator | isRnD: false | where: {}
[2026-05-07T08:06:10.383Z] User: Admin User | Dept: admin | Desig: administrator | isRnD: false | where: {}
[2026-05-07T08:06:12.572Z] User: Admin User | Dept: admin | Desig: administrator | isRnD: false | where: {}
[2026-05-07T08:06:16.507Z] MRN Visibility - User: Admin User | Dept: admin | canSeeAll: true | where: {}
[2026-05-07T08:06:25.338Z] MRN Visibility - User: Admin User | Dept: admin | canSeeAll: true | where: {}
[2026-05-07T08:06:27.409Z] MRN Visibility - User: Admin User | Dept: admin | canSeeAll: true | where: {}
[2026-05-07T08:07:38.484Z] MRN Visibility - User: Admin User | Dept: admin | canSeeAll: true | where: {}
[2026-05-07T08:08:08.364Z] MRN Visibility - User: Admin User | Dept: admin | canSeeAll: true | where: {}
[2026-05-07T08:08:31.365Z] MRN Visibility - User: Admin User | Dept: admin | canSeeAll: true | where: {}
[2026-05-07T08:08:38.379Z] MRN Visibility - User: Admin User | Dept: admin | canSeeAll: true | where: {}
[2026-05-07T08:08:45.050Z] MRN Visibility - User: Admin User | Dept: admin | canSeeAll: true | where: {}
[2026-05-07T08:08:45.831Z] MRN Visibility - User: Admin User | Dept: admin | canSeeAll: true | where: {}
[2026-05-07T08:09:07.278Z] User: Alphin Philip | Dept: r&d | Desig: project lead | isRnD: true | where: {}
[2026-05-07T08:09:07.287Z] MRN Visibility - User: Alphin Philip | Dept: r&d | canSeeAll: false | where: {}
[2026-05-07T08:11:55.504Z] User: Admin User | Dept: admin | Desig: administrator | isRnD: false | where: {}
[2026-05-07T08:11:55.528Z] MRN Visibility - User: Admin User | Dept: admin | canSeeAll: true | where: {}
[2026-05-07T08:11:55.666Z] User: Admin User | Dept: admin | Desig: administrator | isRnD: false | where: {}
[2026-05-07T08:12:18.407Z] User: Admin User | Dept: admin | Desig: administrator | isRnD: false | where: {}
[2026-05-07T08:12:18.422Z] MRN Visibility - User: Admin User | Dept: admin | canSeeAll: true | where: {}
[2026-05-07T08:12:18.516Z] User: Admin User | Dept: admin | Desig: administrator | isRnD: false | where: {}
[2026-05-07T08:12:36.624Z] User: Admin User | Dept: admin | Desig: administrator | isRnD: false | where: {}
[2026-05-07T08:12:36.633Z] MRN Visibility - User: Admin User | Dept: admin | canSeeAll: true | where: {}
[2026-05-07T08:12:36.740Z] User: Admin User | Dept: admin | Desig: administrator | isRnD: false | where: {}
[2026-05-07T08:12:50.458Z] User: Admin User | Dept: admin | Desig: administrator | isRnD: false | where: {}
[2026-05-07T08:12:50.467Z] MRN Visibility - User: Admin User | Dept: admin | canSeeAll: true | where: {}
[2026-05-07T08:12:50.593Z] User: Admin User | Dept: admin | Desig: administrator | isRnD: false | where: {}
[2026-05-07T08:14:06.409Z] User: Admin User | Dept: admin | Desig: administrator | isRnD: false | where: {}
[2026-05-07T08:14:06.419Z] MRN Visibility - User: Admin User | Dept: admin | canSeeAll: true | where: {}
[2026-05-07T08:14:06.558Z] User: Admin User | Dept: admin | Desig: administrator | isRnD: false | where: {}
[2026-05-07T08:18:08.403Z] User: Admin User | Dept: admin | Desig: administrator | isRnD: false | where: {}
[2026-05-07T08:18:08.411Z] MRN Visibility - User: Admin User | Dept: admin | canSeeAll: true | where: {}
[2026-05-07T08:18:08.526Z] User: Admin User | Dept: admin | Desig: administrator | isRnD: false | where: {}
[2026-05-07T08:20:30.451Z] User: Admin User | Dept: admin | Desig: administrator | isRnD: false | where: {}
[2026-05-07T08:20:30.460Z] MRN Visibility - User: Admin User | Dept: admin | canSeeAll: true | where: {}
[2026-05-07T08:20:30.559Z] User: Admin User | Dept: admin | Desig: administrator | isRnD: false | where: {}
[2026-05-07T08:20:42.466Z] User: Admin User | Dept: admin | Desig: administrator | isRnD: false | where: {}
[2026-05-07T08:20:42.475Z] MRN Visibility - User: Admin User | Dept: admin | canSeeAll: true | where: {}
[2026-05-07T08:20:42.637Z] User: Admin User | Dept: admin | Desig: administrator | isRnD: false | where: {}
[2026-05-07T08:27:23.725Z] User: Admin User | Dept: admin | Desig: administrator | isRnD: false | where: {}
[2026-05-07T08:27:23.734Z] MRN Visibility - User: Admin User | Dept: admin | canSeeAll: true | where: {}
[2026-05-07T08:27:23.903Z] User: Admin User | Dept: admin | Desig: administrator | isRnD: false | where: {}
[2026-05-07T08:34:11.367Z] User: Admin User | Dept: admin | Desig: administrator | isRnD: false | where: {}
[2026-05-07T08:34:11.375Z] MRN Visibility - User: Admin User | Dept: admin | canSeeAll: true | where: {}
[2026-05-07T08:34:11.483Z] User: Admin User | Dept: admin | Desig: administrator | isRnD: false | where: {}
[2026-05-07T08:36:22.579Z] User: Admin User | Dept: admin | Desig: administrator | isRnD: false | where: {}
[2026-05-07T08:36:22.695Z] MRN Visibility - User: Admin User | Dept: admin | canSeeAll: true | where: {}
[2026-05-07T08:36:22.708Z] User: Admin User | Dept: admin | Desig: administrator | isRnD: false | where: {}
[2026-05-07T08:36:48.709Z] User: Admin User | Dept: admin | Desig: administrator | isRnD: false | where: {}
[2026-05-07T08:36:48.722Z] MRN Visibility - User: Admin User | Dept: admin | canSeeAll: true | where: {}
[2026-05-07T08:36:48.873Z] User: Admin User | Dept: admin | Desig: administrator | isRnD: false | where: {}
[2026-05-07T08:38:48.957Z] User: Admin User | Dept: admin | Desig: administrator | isRnD: false | where: {}
[2026-05-07T08:38:48.965Z] MRN Visibility - User: Admin User | Dept: admin | canSeeAll: true | where: {}
[2026-05-07T08:38:49.115Z] User: Admin User | Dept: admin | Desig: administrator | isRnD: false | where: {}
[2026-05-07T08:39:32.886Z] User: Admin User | Dept: admin | Desig: administrator | isRnD: false | where: {}
[2026-05-07T08:39:32.900Z] MRN Visibility - User: Admin User | Dept: admin | canSeeAll: true | where: {}
[2026-05-07T08:39:33.157Z] User: Admin User | Dept: admin | Desig: administrator | isRnD: false | where: {}
[2026-05-07T08:40:39.154Z] MRN Visibility - User: Admin User | Dept: admin | canSeeAll: true | where: {}
[2026-05-07T08:40:50.593Z] User: Admin User | Dept: admin | Desig: administrator | isRnD: false | where: {}
[2026-05-07T08:40:50.602Z] MRN Visibility - User: Admin User | Dept: admin | canSeeAll: true | where: {}
[2026-05-07T08:40:50.793Z] User: Admin User | Dept: admin | Desig: administrator | isRnD: false | where: {}
[2026-05-07T08:41:07.516Z] User: Admin User | Dept: admin | Desig: administrator | isRnD: false | where: {}
[2026-05-07T08:41:07.525Z] MRN Visibility - User: Admin User | Dept: admin | canSeeAll: true | where: {}
[2026-05-07T08:41:07.615Z] User: Admin User | Dept: admin | Desig: administrator | isRnD: false | where: {}
[2026-05-07T08:41:27.613Z] User: Alphin Philip | Dept: r&d | Desig: project lead | isRnD: true | where: {}
[2026-05-07T08:41:27.627Z] MRN Visibility - User: Alphin Philip | Dept: r&d | canSeeAll: false | where: {}
[2026-05-07T08:41:36.831Z] User: Mahadev Ambadi | Dept: quality | Desig: quality member (qc) | isRnD: false | where: {}
[2026-05-07T08:41:47.626Z] User: Admin User | Dept: admin | Desig: administrator | isRnD: false | where: {}
[2026-05-07T08:41:47.645Z] MRN Visibility - User: Admin User | Dept: admin | canSeeAll: true | where: {}
[2026-05-07T08:41:47.720Z] User: Admin User | Dept: admin | Desig: administrator | isRnD: false | where: {}
[2026-05-07T08:41:57.492Z] User: Admin User | Dept: admin | Desig: administrator | isRnD: false | where: {}
[2026-05-07T08:41:57.501Z] MRN Visibility - User: Admin User | Dept: admin | canSeeAll: true | where: {}
[2026-05-07T08:41:57.618Z] User: Admin User | Dept: admin | Desig: administrator | isRnD: false | where: {}
[2026-05-07T08:46:50.321Z] User: Alex zion | Dept: purchase | Desig: purchase manager | isRnD: false | where: {}
[2026-05-07T08:46:50.328Z] MRN Visibility - User: Alex zion | Dept: purchase | canSeeAll: true | where: {}
[2026-05-07T08:47:02.449Z] User: Airene V | Dept: purchase | Desig: purchase officer | isRnD: false | where: {}
[2026-05-07T08:47:02.457Z] MRN Visibility - User: Airene V | Dept: purchase | canSeeAll: true | where: {}
[2026-05-07T08:47:58.795Z] User: Alex zion | Dept: purchase | Desig: purchase manager | isRnD: false | where: {}
[2026-05-07T08:47:58.803Z] MRN Visibility - User: Alex zion | Dept: purchase | canSeeAll: true | where: {}
[2026-05-07T08:48:10.022Z] User: Admin User | Dept: admin | Desig: administrator | isRnD: false | where: {}
[2026-05-07T08:48:10.032Z] MRN Visibility - User: Admin User | Dept: admin | canSeeAll: true | where: {}
[2026-05-07T08:48:10.122Z] User: Admin User | Dept: admin | Desig: administrator | isRnD: false | where: {}
[2026-05-07T08:49:52.594Z] User: Nikitha Biju | Dept: o&m | Desig: o&m | isRnD: false | where: {"requested_by_id":9}
[2026-05-07T08:49:52.610Z] MRN Visibility - User: Nikitha Biju | Dept: o&m | canSeeAll: false | where: {"requested_by_id":9}
[2026-05-07T08:49:52.660Z] User: Nikitha Biju | Dept: o&m | Desig: o&m | isRnD: false | where: {"requested_by_id":9}
[2026-05-07T08:54:16.468Z] User: Nikitha Biju | Dept: o&m | Desig: o&m | isRnD: false | where: {"requested_by_id":9}
[2026-05-07T08:54:16.477Z] MRN Visibility - User: Nikitha Biju | Dept: o&m | canSeeAll: false | where: {"requested_by_id":9}
[2026-05-07T08:54:16.514Z] User: Nikitha Biju | Dept: o&m | Desig: o&m | isRnD: false | where: {"requested_by_id":9}
[2026-05-07T08:55:46.046Z] User: Admin User | Dept: admin | Desig: administrator | isRnD: false | where: {}
[2026-05-07T08:55:46.056Z] MRN Visibility - User: Admin User | Dept: admin | canSeeAll: true | where: {}
[2026-05-07T08:55:46.231Z] User: Admin User | Dept: admin | Desig: administrator | isRnD: false | where: {}
[2026-05-07T08:55:51.004Z] User: Admin User | Dept: admin | Desig: administrator | isRnD: false | where: {}
[2026-05-07T08:55:51.013Z] MRN Visibility - User: Admin User | Dept: admin | canSeeAll: true | where: {}
[2026-05-07T08:55:51.032Z] User: Admin User | Dept: admin | Desig: administrator | isRnD: false | where: {}
[2026-05-07T08:55:51.322Z] User: Admin User | Dept: admin | Desig: administrator | isRnD: false | where: {}
[2026-05-07T08:55:51.329Z] MRN Visibility - User: Admin User | Dept: admin | canSeeAll: true | where: {}
[2026-05-07T08:55:51.459Z] User: Admin User | Dept: admin | Desig: administrator | isRnD: false | where: {}
[2026-05-07T09:01:19.262Z] User: undefined | Dept: admin | Desig:  | isRnD: false | where: {}
[2026-05-07T09:09:24.046Z] User: Admin User | Dept: admin | Desig: administrator | isRnD: false | where: {}
[2026-05-07T09:09:24.064Z] MRN Visibility - User: Admin User | Dept: admin | canSeeAll: true | where: {}
[2026-05-07T09:09:24.413Z] User: Admin User | Dept: admin | Desig: administrator | isRnD: false | where: {}
[2026-05-07T09:09:43.267Z] User: Admin User | Dept: admin | Desig: administrator | isRnD: false | where: {}
[2026-05-07T09:09:48.721Z] User: Admin User | Dept: admin | Desig: administrator | isRnD: false | where: {}
[2026-05-07T09:10:40.216Z] User: Admin User | Dept: admin | Desig: administrator | isRnD: false | where: {}
[2026-05-07T09:10:40.226Z] MRN Visibility - User: Admin User | Dept: admin | canSeeAll: true | where: {}
[2026-05-07T09:10:40.486Z] User: Admin User | Dept: admin | Desig: administrator | isRnD: false | where: {}
[2026-05-07T09:11:05.777Z] User: Admin User | Dept: admin | Desig: administrator | isRnD: false | where: {}
[2026-05-07T09:11:12.331Z] User: Admin User | Dept: admin | Desig: administrator | isRnD: false | where: {}
[2026-05-07T09:13:16.544Z] User: Nikitha Biju | Dept: o&m | Desig: o&m | isRnD: false | where: {"requested_by_id":9}
[2026-05-07T09:13:16.570Z] MRN Visibility - User: Nikitha Biju | Dept: o&m | canSeeAll: false | where: {"requested_by_id":9}
[2026-05-07T09:13:16.609Z] User: Nikitha Biju | Dept: o&m | Desig: o&m | isRnD: false | where: {"requested_by_id":9}
[2026-05-07T09:13:31.533Z] User: Admin User | Dept: admin | Desig: administrator | isRnD: false | where: {}
[2026-05-07T09:13:31.544Z] MRN Visibility - User: Admin User | Dept: admin | canSeeAll: true | where: {}
[2026-05-07T09:13:31.756Z] User: Admin User | Dept: admin | Desig: administrator | isRnD: false | where: {}
[2026-05-07T09:13:34.688Z] MRN Visibility - User: Admin User | Dept: admin | canSeeAll: true | where: {}
[2026-05-07T09:14:38.325Z] MRN Visibility - User: Admin User | Dept: admin | canSeeAll: true | where: {}
[2026-05-07T09:23:34.760Z] MRN Visibility - User: Admin User | Dept: admin | canSeeAll: true | where: {}
[2026-05-07T09:23:45.602Z] MRN Visibility - User: Admin User | Dept: admin | canSeeAll: true | where: {}
[2026-05-07T09:34:02.734Z] User: Admin User | Dept: admin | Desig: administrator | isRnD: false | where: {}
[2026-05-07T09:34:02.741Z] MRN Visibility - User: Admin User | Dept: admin | canSeeAll: true | where: {}
[2026-05-07T09:34:02.847Z] User: Admin User | Dept: admin | Desig: administrator | isRnD: false | where: {}
[2026-05-07T09:36:41.305Z] User: Admin User | Dept: admin | Desig: administrator | isRnD: false | where: {}
[2026-05-07T09:36:41.309Z] MRN Visibility - User: Admin User | Dept: admin | canSeeAll: true | where: {}
[2026-05-07T09:36:41.405Z] User: Admin User | Dept: admin | Desig: administrator | isRnD: false | where: {}
[2026-05-07T09:38:21.802Z] User: Admin User | Dept: admin | Desig: administrator | isRnD: false | where: {}
[2026-05-07T09:38:21.808Z] MRN Visibility - User: Admin User | Dept: admin | canSeeAll: true | where: {}
[2026-05-07T09:38:21.956Z] User: Admin User | Dept: admin | Desig: administrator | isRnD: false | where: {}
[2026-05-07T09:38:21.969Z] MRN Visibility - User: Admin User | Dept: admin | canSeeAll: true | where: {}
[2026-05-07T09:38:22.053Z] User: Admin User | Dept: admin | Desig: administrator | isRnD: false | where: {}
[2026-05-07T09:38:22.110Z] User: Admin User | Dept: admin | Desig: administrator | isRnD: false | where: {}
[2026-05-07T09:38:22.117Z] MRN Visibility - User: Admin User | Dept: admin | canSeeAll: true | where: {}
[2026-05-07T09:38:22.197Z] User: Admin User | Dept: admin | Desig: administrator | isRnD: false | where: {}
[2026-05-07T09:38:22.333Z] User: Admin User | Dept: admin | Desig: administrator | isRnD: false | where: {}
[2026-05-07T09:38:22.337Z] MRN Visibility - User: Admin User | Dept: admin | canSeeAll: true | where: {}
[2026-05-07T09:38:22.428Z] User: Admin User | Dept: admin | Desig: administrator | isRnD: false | where: {}
[2026-05-07T09:39:05.355Z] User: Ashik Tomy | Dept: r&d | Desig: r&d head | isRnD: true | where: {}
[2026-05-07T09:39:05.367Z] MRN Visibility - User: Ashik Tomy | Dept: r&d | canSeeAll: false | where: {}
[2026-05-07T09:39:16.653Z] User: Nirmal sunil | Dept: finance | Desig: finance | isRnD: false | where: {}
[2026-05-07T09:39:16.659Z] MRN Visibility - User: Nirmal sunil | Dept: finance | canSeeAll: false | where: {"requested_by_id":12}
[2026-05-07T09:39:32.445Z] User: Nikitha Biju | Dept: o&m | Desig: o&m | isRnD: false | where: {"requested_by_id":9}
[2026-05-07T09:39:32.454Z] MRN Visibility - User: Nikitha Biju | Dept: o&m | canSeeAll: false | where: {"requested_by_id":9}
[2026-05-07T09:39:32.468Z] User: Nikitha Biju | Dept: o&m | Desig: o&m | isRnD: false | where: {"requested_by_id":9}
[2026-05-07T09:46:02.682Z] User: Nikitha Biju | Dept: o&m | Desig: o&m | isRnD: false | where: {"requested_by_id":9}
[2026-05-07T09:46:37.771Z] User: Nikitha Biju | Dept: o&m | Desig: o&m | isRnD: false | where: {"requested_by_id":9}
[2026-05-07T09:46:42.514Z] User: Nikitha Biju | Dept: o&m | Desig: o&m | isRnD: false | where: {"requested_by_id":9}
[2026-05-07T09:46:49.331Z] User: Nikitha Biju | Dept: o&m | Desig: o&m | isRnD: false | where: {"requested_by_id":9}
[2026-05-07T09:46:49.337Z] MRN Visibility - User: Nikitha Biju | Dept: o&m | canSeeAll: false | where: {"requested_by_id":9}
[2026-05-07T09:46:49.371Z] User: Nikitha Biju | Dept: o&m | Desig: o&m | isRnD: false | where: {"requested_by_id":9}
[2026-05-07T09:48:49.262Z] User: Nikitha Biju | Dept: o&m | Desig: o&m | isRnD: false | where: {"requested_by_id":9}
[2026-05-07T09:49:16.229Z] User: Nikitha Biju | Dept: o&m | Desig: o&m | isRnD: false | where: {"requested_by_id":9}
[2026-05-07T09:50:09.652Z] User: Nikitha Biju | Dept: o&m | Desig: o&m | isRnD: false | where: {"requested_by_id":9}
[2026-05-07T09:50:10.492Z] User: Nikitha Biju | Dept: o&m | Desig: o&m | isRnD: false | where: {"requested_by_id":9}
[2026-05-07T09:50:13.242Z] User: Nikitha Biju | Dept: o&m | Desig: o&m | isRnD: false | where: {"requested_by_id":9}
[2026-05-07T09:50:32.165Z] User: Messi | Dept: purchase | Desig: purchase manager | isRnD: false | where: {}
[2026-05-07T09:50:32.170Z] MRN Visibility - User: Messi | Dept: purchase | canSeeAll: true | where: {}
[2026-05-07T09:50:51.289Z] User: Admin User | Dept: admin | Desig: administrator | isRnD: false | where: {}
[2026-05-07T09:50:51.294Z] MRN Visibility - User: Admin User | Dept: admin | canSeeAll: true | where: {}
[2026-05-07T09:50:51.404Z] User: Admin User | Dept: admin | Desig: administrator | isRnD: false | where: {}
[2026-05-07T09:50:54.323Z] MRN Visibility - User: Admin User | Dept: admin | canSeeAll: true | where: {}
[2026-05-07T09:59:55.689Z] MRN Visibility - User: Admin User | Dept: admin | canSeeAll: true | where: {}
[2026-05-07T10:06:37.567Z] MRN Visibility - User: Admin User | Dept: admin | canSeeAll: true | where: {}
[2026-05-07T10:08:06.279Z] MRN Visibility - User: Admin User | Dept: admin | canSeeAll: true | where: {}
[2026-05-07T10:08:34.637Z] MRN Visibility - User: Admin User | Dept: admin | canSeeAll: true | where: {}
[2026-05-07T10:08:48.448Z] MRN Visibility - User: Admin User | Dept: admin | canSeeAll: true | where: {}
[2026-05-07T10:08:59.248Z] MRN Visibility - User: Admin User | Dept: admin | canSeeAll: true | where: {}
[2026-05-07T10:20:12.293Z] MRN Visibility - User: Admin User | Dept: admin | canSeeAll: true | where: {}
[2026-05-07T10:22:05.717Z] MRN Visibility - User: Admin User | Dept: admin | canSeeAll: true | where: {}
[2026-05-07T10:29:22.664Z] User: Admin User | Dept: admin | Desig: administrator | isRnD: false | where: {}
[2026-05-07T10:29:22.822Z] User: Admin User | Dept: admin | Desig: administrator | isRnD: false | where: {}
[2026-05-07T10:33:16.427Z] User: Admin User | Dept: admin | Desig: administrator | isRnD: false | where: {}
[2026-05-07T10:33:16.472Z] MRN Visibility - User: Admin User | Dept: admin | canSeeAll: true | where: {}
[2026-05-07T10:33:16.593Z] User: Admin User | Dept: admin | Desig: administrator | isRnD: false | where: {}
[2026-05-07T10:33:21.197Z] MRN Visibility - User: Admin User | Dept: admin | canSeeAll: true | where: {}
[2026-05-07T10:33:27.152Z] MRN Visibility - User: Admin User | Dept: admin | canSeeAll: true | where: {"mrn_type":"Project_Transfer"}
[2026-05-07T10:33:29.950Z] MRN Visibility - User: Admin User | Dept: admin | canSeeAll: true | where: {"mrn_type":"Store"}
[2026-05-07T10:33:48.833Z] MRN Visibility - User: Admin User | Dept: admin | canSeeAll: true | where: {}
[2026-05-07T10:34:26.515Z] MRN Visibility - User: Admin User | Dept: admin | canSeeAll: true | where: {}
[2026-05-07T10:34:29.662Z] MRN Visibility - User: Admin User | Dept: admin | canSeeAll: true | where: {}
[2026-05-07T10:34:55.247Z] MRN Visibility - User: Admin User | Dept: admin | canSeeAll: true | where: {}
[2026-05-07T10:43:32.010Z] MRN Visibility - User: Admin User | Dept: admin | canSeeAll: true | where: {}
[2026-05-07T10:44:46.848Z] MRN Visibility - User: Admin User | Dept: admin | canSeeAll: true | where: {}
[2026-05-07T10:45:02.196Z] MRN Visibility - User: Admin User | Dept: admin | canSeeAll: true | where: {}
[2026-05-07T10:45:07.954Z] MRN Visibility - User: Admin User | Dept: admin | canSeeAll: true | where: {"mrn_type":"Project_Transfer"}
[2026-05-07T10:45:10.348Z] MRN Visibility - User: Admin User | Dept: admin | canSeeAll: true | where: {"mrn_type":"Store"}
[2026-05-07T10:45:35.582Z] MRN Visibility - User: Admin User | Dept: admin | canSeeAll: true | where: {}
[2026-05-07T10:47:00.978Z] MRN Visibility - User: Admin User | Dept: admin | canSeeAll: true | where: {}
[2026-05-07T10:47:49.265Z] MRN Visibility - User: Admin User | Dept: admin | canSeeAll: true | where: {}
[2026-05-07T10:48:29.144Z] MRN Visibility - User: Admin User | Dept: admin | canSeeAll: true | where: {}
[2026-05-07T10:49:02.797Z] MRN Visibility - User: Admin User | Dept: admin | canSeeAll: true | where: {}
[2026-05-07T10:49:48.906Z] MRN Visibility - User: Admin User | Dept: admin | canSeeAll: true | where: {}
[2026-05-07T10:50:06.260Z] MRN Visibility - User: Admin User | Dept: admin | canSeeAll: true | where: {}
[2026-05-07T10:51:50.626Z] MRN Visibility - User: Admin User | Dept: admin | canSeeAll: true | where: {}
[2026-05-07T10:51:55.572Z] MRN Visibility - User: Admin User | Dept: admin | canSeeAll: true | where: {"mrn_type":"Store"}
[2026-05-07T10:51:58.817Z] MRN Visibility - User: Admin User | Dept: admin | canSeeAll: true | where: {"mrn_type":"Project_Transfer"}
[2026-05-07T10:52:00.780Z] MRN Visibility - User: Admin User | Dept: admin | canSeeAll: true | where: {}
[2026-05-07T10:53:46.156Z] MRN Visibility - User: Admin User | Dept: admin | canSeeAll: true | where: {}
[2026-05-07T10:54:22.403Z] MRN Visibility - User: Admin User | Dept: admin | canSeeAll: true | where: {}
[2026-05-07T10:55:16.260Z] MRN Visibility - User: Admin User | Dept: admin | canSeeAll: true | where: {}
[2026-05-07T10:55:34.203Z] MRN Visibility - User: Admin User | Dept: admin | canSeeAll: true | where: {}
[2026-05-07T10:56:03.236Z] MRN Visibility - User: Admin User | Dept: admin | canSeeAll: true | where: {}
[2026-05-07T10:56:09.879Z] MRN Visibility - User: Admin User | Dept: admin | canSeeAll: true | where: {}
[2026-05-07T10:56:12.811Z] MRN Visibility - User: Admin User | Dept: admin | canSeeAll: true | where: {}
[2026-05-07T10:56:17.938Z] MRN Visibility - User: Admin User | Dept: admin | canSeeAll: true | where: {}
[2026-05-07T10:56:54.387Z] MRN Visibility - User: Admin User | Dept: admin | canSeeAll: true | where: {}
[2026-05-07T10:57:05.891Z] User: Admin User | Dept: admin | Desig: administrator | isRnD: false | where: {}
[2026-05-07T10:57:05.968Z] MRN Visibility - User: Admin User | Dept: admin | canSeeAll: true | where: {}
[2026-05-07T10:57:06.149Z] User: Admin User | Dept: admin | Desig: administrator | isRnD: false | where: {}
[2026-05-07T11:12:13.848Z] User: Admin User | Dept: admin | Desig: administrator | isRnD: false | where: {}
[2026-05-07T11:12:27.220Z] User: Admin User | Dept: admin | Desig: administrator | isRnD: false | where: {}
[2026-05-07T11:12:29.152Z] User: Admin User | Dept: admin | Desig: administrator | isRnD: false | where: {}
[2026-05-07T11:13:04.455Z] User: Admin User | Dept: admin | Desig: administrator | isRnD: false | where: {}
[2026-05-07T11:13:09.802Z] User: Admin User | Dept: admin | Desig: administrator | isRnD: false | where: {}
[2026-05-07T11:14:20.998Z] User: Admin User | Dept: admin | Desig: administrator | isRnD: false | where: {}
[2026-05-07T11:14:21.079Z] MRN Visibility - User: Admin User | Dept: admin | canSeeAll: true | where: {}
[2026-05-07T11:14:21.308Z] User: Admin User | Dept: admin | Desig: administrator | isRnD: false | where: {}
[2026-05-07T11:19:03.557Z] User: Mahadev Ambadi | Dept: quality | Desig: quality member (qc) | isRnD: false | where: {}
[2026-05-07T11:19:03.711Z] User: Mahadev Ambadi | Dept: quality | Desig: quality member (qc) | isRnD: false | where: {}
[2026-05-07T11:19:03.732Z] MRN Visibility - User: Mahadev Ambadi | Dept: quality | canSeeAll: false | where: {}
[2026-05-07T11:19:07.238Z] User: Mahadev Ambadi | Dept: quality | Desig: quality member (qc) | isRnD: false | where: {}
[2026-05-07T11:19:08.377Z] User: Mahadev Ambadi | Dept: quality | Desig: quality member (qc) | isRnD: false | where: {}
[2026-05-07T11:19:39.074Z] User: Admin User | Dept: admin | Desig: administrator | isRnD: false | where: {}
[2026-05-07T11:19:39.128Z] MRN Visibility - User: Admin User | Dept: admin | canSeeAll: true | where: {}
[2026-05-07T11:19:39.287Z] User: Admin User | Dept: admin | Desig: administrator | isRnD: false | where: {}
[2026-05-07T11:20:27.444Z] User: Mahadev Ambadi | Dept: quality | Desig: quality member (qc) | isRnD: false | where: {}
[2026-05-07T11:20:27.494Z] MRN Visibility - User: Mahadev Ambadi | Dept: quality | canSeeAll: false | where: {}
[2026-05-07T11:20:27.623Z] User: Mahadev Ambadi | Dept: quality | Desig: quality member (qc) | isRnD: false | where: {}
[2026-05-07T11:20:31.424Z] User: Mahadev Ambadi | Dept: quality | Desig: quality member (qc) | isRnD: false | where: {}
[2026-05-07T11:20:32.306Z] User: Mahadev Ambadi | Dept: quality | Desig: quality member (qc) | isRnD: false | where: {}
[2026-05-07T11:20:43.229Z] User: Admin User | Dept: admin | Desig: administrator | isRnD: false | where: {}
[2026-05-07T11:20:43.278Z] MRN Visibility - User: Admin User | Dept: admin | canSeeAll: true | where: {}
[2026-05-07T11:20:43.423Z] User: Admin User | Dept: admin | Desig: administrator | isRnD: false | where: {}
[2026-05-07T11:21:18.481Z] User: Admin User | Dept: admin | Desig: administrator | isRnD: false | where: {}
[2026-05-07T11:21:21.931Z] User: Admin User | Dept: admin | Desig: administrator | isRnD: false | where: {}
[2026-05-07T11:27:37.016Z] User: Admin User | Dept: admin | Desig: administrator | isRnD: false | where: {}
[2026-05-07T11:27:38.543Z] User: Admin User | Dept: admin | Desig: administrator | isRnD: false | where: {}
[2026-05-07T11:27:40.905Z] User: Admin User | Dept: admin | Desig: administrator | isRnD: false | where: {}
[2026-05-07T11:28:12.724Z] User: Admin User | Dept: admin | Desig: administrator | isRnD: false | where: {}
[2026-05-07T11:31:13.975Z] User: Admin User | Dept: admin | Desig: administrator | isRnD: false | where: {}
[2026-05-07T11:35:54.716Z] User: Admin User | Dept: admin | Desig: administrator | isRnD: false | where: {}
[2026-05-07T11:36:07.951Z] User: Admin User | Dept: admin | Desig: administrator | isRnD: false | where: {}
[2026-05-07T11:36:21.148Z] User: Admin User | Dept: admin | Desig: administrator | isRnD: false | where: {}
[2026-05-07T11:36:58.638Z] User: Admin User | Dept: admin | Desig: administrator | isRnD: false | where: {}
[2026-05-07T11:43:32.413Z] User: Admin User | Dept: admin | Desig: administrator | isRnD: false | where: {}
[2026-05-07T11:43:52.165Z] User: Admin User | Dept: admin | Desig: administrator | isRnD: false | where: {}
[2026-05-07T11:44:06.075Z] User: Admin User | Dept: admin | Desig: administrator | isRnD: false | where: {}
[2026-05-07T11:44:34.110Z] User: Admin User | Dept: admin | Desig: administrator | isRnD: false | where: {}
[2026-05-07T11:44:44.063Z] User: Admin User | Dept: admin | Desig: administrator | isRnD: false | where: {}
[2026-05-07T11:45:12.907Z] User: Admin User | Dept: admin | Desig: administrator | isRnD: false | where: {}
[2026-05-07T11:45:31.035Z] User: Admin User | Dept: admin | Desig: administrator | isRnD: false | where: {}
[2026-05-07T11:47:24.133Z] User: Admin User | Dept: admin | Desig: administrator | isRnD: false | where: {}
[2026-05-07T11:47:49.304Z] User: Admin User | Dept: admin | Desig: administrator | isRnD: false | where: {}
[2026-05-07T11:47:54.755Z] User: Admin User | Dept: admin | Desig: administrator | isRnD: false | where: {}
[2026-05-07T11:48:55.252Z] User: Admin User | Dept: admin | Desig: administrator | isRnD: false | where: {}
[2026-05-07T11:49:20.900Z] User: Admin User | Dept: admin | Desig: administrator | isRnD: false | where: {}
[2026-05-07T11:49:41.618Z] User: Admin User | Dept: admin | Desig: administrator | isRnD: false | where: {}
[2026-05-07T12:07:02.537Z] User: Admin User | Dept: admin | Desig: administrator | isRnD: false | where: {}
[2026-05-07T12:21:27.040Z] User: Admin User | Dept: admin | Desig: administrator | isRnD: false | where: {}
[2026-05-07T12:21:35.904Z] User: Admin User | Dept: admin | Desig: administrator | isRnD: false | where: {}
[2026-05-07T12:21:35.987Z] MRN Visibility - User: Admin User | Dept: admin | canSeeAll: true | where: {}
[2026-05-07T12:21:35.991Z] User: Admin User | Dept: admin | Desig: administrator | isRnD: false | where: {}
[2026-05-07T12:22:28.069Z] User: Alphin Philip | Dept: r&d | Desig: project lead | isRnD: true | where: {}
[2026-05-07T12:22:28.126Z] MRN Visibility - User: Alphin Philip | Dept: r&d | canSeeAll: false | where: {}
[2026-05-07T12:22:31.023Z] User: Alphin Philip | Dept: r&d | Desig: project lead | isRnD: true | where: {}
[2026-05-07T12:22:51.226Z] User: Ashik Tomy | Dept: r&d | Desig: r&d head | isRnD: true | where: {}
[2026-05-07T12:22:51.306Z] MRN Visibility - User: Ashik Tomy | Dept: r&d | canSeeAll: false | where: {}
[2026-05-07T12:22:53.495Z] User: Ashik Tomy | Dept: r&d | Desig: r&d head | isRnD: true | where: {}
[2026-05-07T12:23:01.466Z] User: Ashik Tomy | Dept: r&d | Desig: r&d head | isRnD: true | where: {}
[2026-05-07T12:23:21.279Z] User: Alphin Philip | Dept: r&d | Desig: project lead | isRnD: true | where: {}
[2026-05-07T12:23:21.335Z] MRN Visibility - User: Alphin Philip | Dept: r&d | canSeeAll: false | where: {}
[2026-05-07T12:23:34.809Z] User: Admin User | Dept: admin | Desig: administrator | isRnD: false | where: {}
[2026-05-07T12:23:34.911Z] User: Admin User | Dept: admin | Desig: administrator | isRnD: false | where: {}
[2026-05-07T12:23:34.923Z] MRN Visibility - User: Admin User | Dept: admin | canSeeAll: true | where: {}
[2026-05-07T12:25:18.139Z] User: Adithya Jisha Biju | Dept: quality | Desig: quality member (qa) | isRnD: false | where: {}
[2026-05-07T12:25:18.222Z] MRN Visibility - User: Adithya Jisha Biju | Dept: quality | canSeeAll: false | where: {}
[2026-05-07T12:25:18.243Z] User: Adithya Jisha Biju | Dept: quality | Desig: quality member (qa) | isRnD: false | where: {}
[2026-05-07T12:25:21.458Z] User: Adithya Jisha Biju | Dept: quality | Desig: quality member (qa) | isRnD: false | where: {}
[2026-05-07T12:25:39.049Z] User: Adithya Jisha Biju | Dept: quality | Desig: quality member (qa) | isRnD: false | where: {}
[2026-05-07T12:25:55.572Z] User: Cimil Charly | Dept: quality | Desig: quality lead | isRnD: false | where: {}
[2026-05-07T12:25:55.673Z] User: Cimil Charly | Dept: quality | Desig: quality lead | isRnD: false | where: {}
[2026-05-07T12:25:55.680Z] MRN Visibility - User: Cimil Charly | Dept: quality | canSeeAll: false | where: {}
[2026-05-07T12:25:58.134Z] User: Cimil Charly | Dept: quality | Desig: quality lead | isRnD: false | where: {}
[2026-05-07T12:26:14.196Z] User: Admin User | Dept: admin | Desig: administrator | isRnD: false | where: {}
[2026-05-07T12:26:14.291Z] MRN Visibility - User: Admin User | Dept: admin | canSeeAll: true | where: {}
[2026-05-07T12:26:14.317Z] User: Admin User | Dept: admin | Desig: administrator | isRnD: false | where: {}
[2026-05-07T12:26:25.838Z] User: Mahadev Ambadi | Dept: quality | Desig: quality member (qc) | isRnD: false | where: {}
[2026-05-07T12:26:25.910Z] MRN Visibility - User: Mahadev Ambadi | Dept: quality | canSeeAll: false | where: {}
[2026-05-07T12:26:25.912Z] User: Mahadev Ambadi | Dept: quality | Desig: quality member (qc) | isRnD: false | where: {}
[2026-05-07T12:26:29.118Z] User: Mahadev Ambadi | Dept: quality | Desig: quality member (qc) | isRnD: false | where: {}
[2026-05-07T12:26:43.870Z] User: Ashik Tomy | Dept: r&d | Desig: r&d head | isRnD: true | where: {}
[2026-05-07T12:26:43.937Z] MRN Visibility - User: Ashik Tomy | Dept: r&d | canSeeAll: false | where: {}
[2026-05-07T12:26:45.716Z] User: Ashik Tomy | Dept: r&d | Desig: r&d head | isRnD: true | where: {}
[2026-05-07T12:26:51.392Z] User: Ashik Tomy | Dept: r&d | Desig: r&d head | isRnD: true | where: {}
[2026-05-07T12:26:58.815Z] User: Admin User | Dept: admin | Desig: administrator | isRnD: false | where: {}
[2026-05-07T12:26:58.852Z] MRN Visibility - User: Admin User | Dept: admin | canSeeAll: true | where: {}
[2026-05-07T12:26:58.919Z] User: Admin User | Dept: admin | Desig: administrator | isRnD: false | where: {}
[2026-05-07T12:30:20.852Z] User: Ashik Tomy | Dept: r&d | Desig: r&d head | isRnD: true | where: {}
[2026-05-07T12:30:20.913Z] MRN Visibility - User: Ashik Tomy | Dept: r&d | canSeeAll: false | where: {}
[2026-05-07T12:30:25.081Z] MRN Visibility - User: Ashik Tomy | Dept: r&d | canSeeAll: false | where: {}
[2026-05-07T12:31:05.286Z] MRN Visibility - User: Ashik Tomy | Dept: r&d | canSeeAll: false | where: {}
[2026-05-07T12:31:16.743Z] MRN Visibility - User: Ashik Tomy | Dept: r&d | canSeeAll: false | where: {}
[2026-05-07T12:31:25.027Z] MRN Visibility - User: Ashik Tomy | Dept: r&d | canSeeAll: false | where: {}
[2026-05-07T12:31:32.432Z] User: Alphin Philip | Dept: r&d | Desig: project lead | isRnD: true | where: {}
[2026-05-07T12:31:32.511Z] MRN Visibility - User: Alphin Philip | Dept: r&d | canSeeAll: false | where: {}
[2026-05-07T12:31:34.743Z] MRN Visibility - User: Alphin Philip | Dept: r&d | canSeeAll: false | where: {}
[2026-05-07T12:31:59.469Z] User: Admin User | Dept: admin | Desig: administrator | isRnD: false | where: {}
[2026-05-07T12:31:59.553Z] User: Admin User | Dept: admin | Desig: administrator | isRnD: false | where: {}
[2026-05-07T12:31:59.560Z] MRN Visibility - User: Admin User | Dept: admin | canSeeAll: true | where: {}
[2026-05-07T12:32:44.752Z] User: John thomas | Dept: store | Desig: storekeeper | isRnD: false | where: {}
[2026-05-07T12:32:44.824Z] MRN Visibility - User: John thomas | Dept: store | canSeeAll: true | where: {}
[2026-05-07T12:32:49.181Z] MRN Visibility - User: John thomas | Dept: store | canSeeAll: true | where: {}
[2026-05-07T12:33:28.449Z] MRN Visibility - User: John thomas | Dept: store | canSeeAll: true | where: {}
[2026-05-07T12:33:42.621Z] User: Admin User | Dept: admin | Desig: administrator | isRnD: false | where: {}
[2026-05-07T12:33:42.651Z] MRN Visibility - User: Admin User | Dept: admin | canSeeAll: true | where: {}
[2026-05-07T12:33:42.745Z] User: Admin User | Dept: admin | Desig: administrator | isRnD: false | where: {}
[2026-05-07T12:35:56.888Z] User: Cimil Charly | Dept: quality | Desig: quality lead | isRnD: false | where: {}
[2026-05-07T12:35:56.983Z] User: Cimil Charly | Dept: quality | Desig: quality lead | isRnD: false | where: {}
[2026-05-07T12:35:56.991Z] MRN Visibility - User: Cimil Charly | Dept: quality | canSeeAll: false | where: {}
[2026-05-07T12:36:20.269Z] User: Cimil Charly | Dept: quality | Desig: quality lead | isRnD: false | where: {}
[2026-05-07T12:36:40.249Z] User: Admin User | Dept: admin | Desig: administrator | isRnD: false | where: {}
[2026-05-07T12:36:40.318Z] User: Admin User | Dept: admin | Desig: administrator | isRnD: false | where: {}
[2026-05-07T12:36:40.326Z] MRN Visibility - User: Admin User | Dept: admin | canSeeAll: true | where: {}
[2026-05-07T12:37:18.852Z] User: Cimil Charly | Dept: quality | Desig: quality lead | isRnD: false | where: {}
[2026-05-07T12:37:18.917Z] User: Cimil Charly | Dept: quality | Desig: quality lead | isRnD: false | where: {}
[2026-05-07T12:37:18.921Z] MRN Visibility - User: Cimil Charly | Dept: quality | canSeeAll: false | where: {}
[2026-05-07T12:40:43.554Z] User: Admin User | Dept: admin | Desig: administrator | isRnD: false | where: {}
[2026-05-07T12:40:43.633Z] MRN Visibility - User: Admin User | Dept: admin | canSeeAll: true | where: {}
[2026-05-07T12:40:43.640Z] User: Admin User | Dept: admin | Desig: administrator | isRnD: false | where: {}
[2026-05-07T12:41:00.285Z] User: Admin User | Dept: admin | Desig: administrator | isRnD: false | where: {}
[2026-05-07T12:41:00.343Z] MRN Visibility - User: Admin User | Dept: admin | canSeeAll: true | where: {}
[2026-05-07T12:41:00.373Z] User: Admin User | Dept: admin | Desig: administrator | isRnD: false | where: {}
[2026-05-07T12:41:05.476Z] User: Admin User | Dept: admin | Desig: administrator | isRnD: false | where: {}
[2026-05-07T12:41:05.498Z] MRN Visibility - User: Admin User | Dept: admin | canSeeAll: true | where: {}
[2026-05-07T12:41:05.566Z] User: Admin User | Dept: admin | Desig: administrator | isRnD: false | where: {}
[2026-05-07T12:42:51.114Z] User: Admin User | Dept: admin | Desig: administrator | isRnD: false | where: {}
[2026-05-07T12:42:51.139Z] MRN Visibility - User: Admin User | Dept: admin | canSeeAll: true | where: {}
[2026-05-07T12:42:51.204Z] User: Admin User | Dept: admin | Desig: administrator | isRnD: false | where: {}
[2026-05-07T12:43:22.951Z] User: Admin User | Dept: admin | Desig: administrator | isRnD: false | where: {}
[2026-05-07T12:43:22.978Z] MRN Visibility - User: Admin User | Dept: admin | canSeeAll: true | where: {}
[2026-05-07T12:43:23.046Z] User: Admin User | Dept: admin | Desig: administrator | isRnD: false | where: {}
[2026-05-07T12:47:20.441Z] User: Cimil Charly | Dept: quality | Desig: quality lead | isRnD: false | where: {}
[2026-05-07T12:47:20.512Z] User: Cimil Charly | Dept: quality | Desig: quality lead | isRnD: false | where: {}
[2026-05-07T12:47:20.517Z] MRN Visibility - User: Cimil Charly | Dept: quality | canSeeAll: false | where: {}
[2026-05-07T12:50:35.242Z] User: Admin User | Dept: admin | Desig: administrator | isRnD: false | where: {}
[2026-05-07T12:50:35.323Z] MRN Visibility - User: Admin User | Dept: admin | canSeeAll: true | where: {}
[2026-05-07T12:50:35.362Z] User: Admin User | Dept: admin | Desig: administrator | isRnD: false | where: {}
[2026-05-07T12:51:28.348Z] User: Cimil Charly | Dept: quality | Desig: quality lead | isRnD: false | where: {}
[2026-05-07T12:51:28.420Z] User: Cimil Charly | Dept: quality | Desig: quality lead | isRnD: false | where: {}
[2026-05-07T12:51:28.426Z] MRN Visibility - User: Cimil Charly | Dept: quality | canSeeAll: false | where: {}
[2026-05-07T12:52:07.237Z] User: Admin User | Dept: admin | Desig: administrator | isRnD: false | where: {}
[2026-05-07T12:52:07.263Z] MRN Visibility - User: Admin User | Dept: admin | canSeeAll: true | where: {}
[2026-05-07T12:52:07.325Z] User: Admin User | Dept: admin | Desig: administrator | isRnD: false | where: {}
[2026-05-07T12:52:53.244Z] User: Mahadev Ambadi | Dept: quality | Desig: quality member (qc) | isRnD: false | where: {}
[2026-05-07T12:52:53.394Z] MRN Visibility - User: Mahadev Ambadi | Dept: quality | canSeeAll: false | where: {}
[2026-05-07T12:52:53.431Z] User: Mahadev Ambadi | Dept: quality | Desig: quality member (qc) | isRnD: false | where: {}
[2026-05-07T12:58:52.717Z] User: Admin User | Dept: admin | Desig: administrator | isRnD: false | where: {}
[2026-05-07T12:58:52.873Z] MRN Visibility - User: Admin User | Dept: admin | canSeeAll: true | where: {}
[2026-05-07T12:58:52.970Z] User: Admin User | Dept: admin | Desig: administrator | isRnD: false | where: {}
[2026-05-07T12:59:56.019Z] User: Admin User | Dept: admin | Desig: administrator | isRnD: false | where: {}
[2026-05-07T12:59:56.099Z] MRN Visibility - User: Admin User | Dept: admin | canSeeAll: true | where: {}
[2026-05-07T12:59:56.259Z] User: Admin User | Dept: admin | Desig: administrator | isRnD: false | where: {}
[2026-05-07T13:01:24.093Z] User: Aiden Biju | Dept: purchase | Desig: purchase manager | isRnD: false | where: {}
[2026-05-07T13:01:24.284Z] MRN Visibility - User: Aiden Biju | Dept: purchase | canSeeAll: true | where: {}
[2026-05-07T13:01:26.747Z] User: Aiden Biju | Dept: purchase | Desig: purchase manager | isRnD: false | where: {}
[2026-05-07T13:01:38.085Z] User: Aiden Biju | Dept: purchase | Desig: purchase manager | isRnD: false | where: {}
[2026-05-07T13:01:41.596Z] User: Aiden Biju | Dept: purchase | Desig: purchase manager | isRnD: false | where: {}
[2026-05-07T13:01:43.543Z] User: Aiden Biju | Dept: purchase | Desig: purchase manager | isRnD: false | where: {}
[2026-05-07T13:01:46.529Z] User: Aiden Biju | Dept: purchase | Desig: purchase manager | isRnD: false | where: {}
[2026-05-07T13:01:48.239Z] User: Aiden Biju | Dept: purchase | Desig: purchase manager | isRnD: false | where: {}
[2026-05-07T13:01:48.384Z] MRN Visibility - User: Aiden Biju | Dept: purchase | canSeeAll: true | where: {}
[2026-05-07T13:02:09.836Z] User: Admin User | Dept: admin | Desig: administrator | isRnD: false | where: {}
[2026-05-07T13:02:09.983Z] MRN Visibility - User: Admin User | Dept: admin | canSeeAll: true | where: {}
[2026-05-07T13:02:10.056Z] User: Admin User | Dept: admin | Desig: administrator | isRnD: false | where: {}
[2026-05-07T13:03:04.066Z] User: Aiden Biju | Dept: purchase | Desig: purchase manager | isRnD: false | where: {}
[2026-05-07T13:03:04.245Z] MRN Visibility - User: Aiden Biju | Dept: purchase | canSeeAll: true | where: {}
[2026-05-07T13:03:09.285Z] User: Aiden Biju | Dept: purchase | Desig: purchase manager | isRnD: false | where: {}
[2026-05-07T13:03:14.774Z] User: Aiden Biju | Dept: purchase | Desig: purchase manager | isRnD: false | where: {}
[2026-05-07T13:03:14.972Z] MRN Visibility - User: Aiden Biju | Dept: purchase | canSeeAll: true | where: {}
[2026-05-07T13:03:16.563Z] User: Aiden Biju | Dept: purchase | Desig: purchase manager | isRnD: false | where: {}
[2026-05-07T13:03:24.610Z] User: Aiden Biju | Dept: purchase | Desig: purchase manager | isRnD: false | where: {}
[2026-05-07T13:03:38.334Z] User: Admin User | Dept: admin | Desig: administrator | isRnD: false | where: {}
[2026-05-07T13:03:38.409Z] MRN Visibility - User: Admin User | Dept: admin | canSeeAll: true | where: {}
[2026-05-07T13:03:38.621Z] User: Admin User | Dept: admin | Desig: administrator | isRnD: false | where: {}
[2026-05-07T13:08:44.527Z] User: Aiden Biju | Dept: purchase | Desig: purchase manager | isRnD: false | where: {}
[2026-05-07T13:08:44.738Z] MRN Visibility - User: Aiden Biju | Dept: purchase | canSeeAll: true | where: {}
[2026-05-07T13:08:51.034Z] User: Aiden Biju | Dept: purchase | Desig: purchase manager | isRnD: false | where: {}
[2026-05-07T13:08:57.928Z] User: Aiden Biju | Dept: purchase | Desig: purchase manager | isRnD: false | where: {}
[2026-05-07T13:08:58.165Z] MRN Visibility - User: Aiden Biju | Dept: purchase | canSeeAll: true | where: {}
[2026-05-07T13:08:59.866Z] User: Aiden Biju | Dept: purchase | Desig: purchase manager | isRnD: false | where: {}
[2026-05-07T13:09:17.067Z] User: Admin User | Dept: admin | Desig: administrator | isRnD: false | where: {}
[2026-05-07T13:09:17.238Z] MRN Visibility - User: Admin User | Dept: admin | canSeeAll: true | where: {}
[2026-05-07T13:09:17.338Z] User: Admin User | Dept: admin | Desig: administrator | isRnD: false | where: {}
[2026-05-07T13:11:29.645Z] User: Airene V | Dept: purchase | Desig: purchase officer | isRnD: false | where: {}
[2026-05-07T13:11:29.860Z] MRN Visibility - User: Airene V | Dept: purchase | canSeeAll: true | where: {}
[2026-05-07T13:11:41.308Z] User: Alex zion | Dept: purchase | Desig: purchase manager | isRnD: false | where: {}
[2026-05-07T13:11:41.541Z] MRN Visibility - User: Alex zion | Dept: purchase | canSeeAll: true | where: {}
[2026-05-07T13:11:47.139Z] User: Alex zion | Dept: purchase | Desig: purchase manager | isRnD: false | where: {}
[2026-05-07T13:11:58.899Z] User: Alex zion | Dept: purchase | Desig: purchase manager | isRnD: false | where: {}
[2026-05-07T13:11:59.101Z] MRN Visibility - User: Alex zion | Dept: purchase | canSeeAll: true | where: {}
[2026-05-07T13:12:10.850Z] User: Admin User | Dept: admin | Desig: administrator | isRnD: false | where: {}
[2026-05-07T13:12:11.037Z] MRN Visibility - User: Admin User | Dept: admin | canSeeAll: true | where: {}
[2026-05-07T13:12:11.124Z] User: Admin User | Dept: admin | Desig: administrator | isRnD: false | where: {}
[2026-05-07T13:12:24.536Z] User: Airene V | Dept: purchase | Desig: purchase officer | isRnD: false | where: {}
[2026-05-07T13:12:24.808Z] MRN Visibility - User: Airene V | Dept: purchase | canSeeAll: true | where: {}
[2026-05-07T13:12:28.620Z] User: Airene V | Dept: purchase | Desig: purchase officer | isRnD: false | where: {}
[2026-05-07T13:12:48.460Z] User: Alphin Philip | Dept: r&d | Desig: project lead | isRnD: true | where: {}
[2026-05-07T13:12:48.676Z] MRN Visibility - User: Alphin Philip | Dept: r&d | canSeeAll: false | where: {}
[2026-05-07T13:13:09.430Z] User: Admin User | Dept: admin | Desig: administrator | isRnD: false | where: {}
[2026-05-07T13:13:09.661Z] MRN Visibility - User: Admin User | Dept: admin | canSeeAll: true | where: {}
[2026-05-07T13:13:09.749Z] User: Admin User | Dept: admin | Desig: administrator | isRnD: false | where: {}
[2026-05-07T13:16:58.939Z] User: John thomas | Dept: store | Desig: storekeeper | isRnD: false | where: {}
[2026-05-07T13:16:59.088Z] MRN Visibility - User: John thomas | Dept: store | canSeeAll: true | where: {}
[2026-05-07T13:17:16.036Z] User: John thomas | Dept: store | Desig: storekeeper | isRnD: false | where: {}
[2026-05-07T13:17:16.262Z] MRN Visibility - User: John thomas | Dept: store | canSeeAll: true | where: {}
[2026-05-07T13:17:27.442Z] User: Admin User | Dept: admin | Desig: administrator | isRnD: false | where: {}
[2026-05-07T13:17:27.515Z] MRN Visibility - User: Admin User | Dept: admin | canSeeAll: true | where: {}
[2026-05-07T13:17:27.718Z] User: Admin User | Dept: admin | Desig: administrator | isRnD: false | where: {}
[2026-05-07T13:17:55.743Z] User: John thomas | Dept: store | Desig: storekeeper | isRnD: false | where: {}
[2026-05-07T13:17:55.924Z] MRN Visibility - User: John thomas | Dept: store | canSeeAll: true | where: {}
[2026-05-07T13:19:04.060Z] User: Admin User | Dept: admin | Desig: administrator | isRnD: false | where: {}
[2026-05-07T13:19:04.123Z] MRN Visibility - User: Admin User | Dept: admin | canSeeAll: true | where: {}
[2026-05-07T13:19:04.309Z] User: Admin User | Dept: admin | Desig: administrator | isRnD: false | where: {}
[2026-05-07T13:21:56.582Z] User: John thomas | Dept: store | Desig: storekeeper | isRnD: false | where: {}
[2026-05-07T13:21:56.772Z] MRN Visibility - User: John thomas | Dept: store | canSeeAll: true | where: {}
[2026-05-07T13:22:15.511Z] User: Mahadev Ambadi | Dept: quality | Desig: quality member (qc) | isRnD: false | where: {}
[2026-05-07T13:22:15.677Z] User: Mahadev Ambadi | Dept: quality | Desig: quality member (qc) | isRnD: false | where: {}
[2026-05-07T13:22:15.691Z] MRN Visibility - User: Mahadev Ambadi | Dept: quality | canSeeAll: false | where: {}
[2026-05-07T13:24:32.208Z] User: Nikitha Biju | Dept: o&m | Desig: o&m | isRnD: false | where: {}
[2026-05-07T13:24:55.879Z] User: Nirmal sunil | Dept: finance | Desig: finance | isRnD: false | where: {}
[2026-05-07T13:24:56.014Z] MRN Visibility - User: Nirmal sunil | Dept: finance | canSeeAll: false | where: {}
[2026-05-07T13:25:04.166Z] User: Aiden Biju | Dept: purchase | Desig: purchase manager | isRnD: false | where: {}
[2026-05-07T13:25:04.211Z] MRN Visibility - User: Aiden Biju | Dept: purchase | canSeeAll: true | where: {}
[2026-05-07T13:25:15.447Z] User: Messi | Dept: purchase | Desig: purchase manager | isRnD: false | where: {}
[2026-05-07T13:25:15.604Z] MRN Visibility - User: Messi | Dept: purchase | canSeeAll: true | where: {}
[2026-05-07T13:25:27.267Z] User: Nikitha Biju | Dept: o&m | Desig: o&m | isRnD: false | where: {}
[2026-05-08T04:06:40.957Z] User: Admin User | Dept: admin | Desig: administrator | isRnD: false | where: {}
[2026-05-08T04:06:41.282Z] MRN Visibility - User: Admin User | Dept: admin | canSeeAll: true | where: {}
[2026-05-08T04:06:41.348Z] User: Admin User | Dept: admin | Desig: administrator | isRnD: false | where: {}
[2026-05-08T04:06:45.772Z] MRN Visibility - User: Admin User | Dept: admin | canSeeAll: true | where: {}
[2026-05-08T04:06:59.114Z] MRN Visibility - User: Admin User | Dept: admin | canSeeAll: true | where: {}
[2026-05-08T04:07:04.066Z] MRN Visibility - User: Admin User | Dept: admin | canSeeAll: true | where: {"mrn_type":"Project_Transfer"}
[2026-05-08T04:07:12.079Z] MRN Visibility - User: Admin User | Dept: admin | canSeeAll: true | where: {}
[2026-05-08T04:07:16.883Z] MRN Visibility - User: Admin User | Dept: admin | canSeeAll: true | where: {}
[2026-05-08T04:07:18.144Z] MRN Visibility - User: Admin User | Dept: admin | canSeeAll: true | where: {}
[2026-05-08T04:07:22.115Z] MRN Visibility - User: Admin User | Dept: admin | canSeeAll: true | where: {}
[2026-05-08T04:07:22.277Z] MRN Visibility - User: Admin User | Dept: admin | canSeeAll: true | where: {}
[2026-05-08T04:07:24.030Z] User: Admin User | Dept: admin | Desig: administrator | isRnD: false | where: {}
[2026-05-08T04:07:24.235Z] MRN Visibility - User: Admin User | Dept: admin | canSeeAll: true | where: {}
[2026-05-08T04:07:24.334Z] User: Admin User | Dept: admin | Desig: administrator | isRnD: false | where: {}
[2026-05-08T04:07:47.358Z] User: Admin User | Dept: admin | Desig: administrator | isRnD: false | where: {}
[2026-05-08T04:07:51.846Z] MRN Visibility - User: Admin User | Dept: admin | canSeeAll: true | where: {}
[2026-05-08T04:14:57.003Z] MRN Visibility - User: Admin User | Dept: admin | canSeeAll: true | where: {}
[2026-05-08T04:18:20.682Z] MRN Visibility - User: Admin User | Dept: admin | canSeeAll: true | where: {}
[2026-05-08T04:18:33.522Z] MRN Visibility - User: Admin User | Dept: admin | canSeeAll: true | where: {}
[2026-05-08T04:18:51.601Z] MRN Visibility - User: Admin User | Dept: admin | canSeeAll: true | where: {}
[2026-05-08T04:19:08.495Z] MRN Visibility - User: Admin User | Dept: admin | canSeeAll: true | where: {}
[2026-05-08T04:19:55.473Z] MRN Visibility - User: Admin User | Dept: admin | canSeeAll: true | where: {}
[2026-05-08T04:21:38.416Z] User: Admin User | Dept: admin | Desig: administrator | isRnD: false | where: {}
[2026-05-08T04:24:27.935Z] MRN Visibility - User: Admin User | Dept: admin | canSeeAll: true | where: {}
[2026-05-08T04:25:10.885Z] MRN Visibility - User: Admin User | Dept: admin | canSeeAll: true | where: {}
[2026-05-08T04:26:32.185Z] MRN Visibility - User: Admin User | Dept: admin | canSeeAll: true | where: {}
[2026-05-08T04:27:00.474Z] MRN Visibility - User: Admin User | Dept: admin | canSeeAll: true | where: {}
[2026-05-08T04:27:54.314Z] MRN Visibility - User: Admin User | Dept: admin | canSeeAll: true | where: {}
[2026-05-08T04:28:25.732Z] MRN Visibility - User: Admin User | Dept: admin | canSeeAll: true | where: {}
[2026-05-08T04:28:43.409Z] MRN Visibility - User: Admin User | Dept: admin | canSeeAll: true | where: {}
[2026-05-08T04:29:04.967Z] MRN Visibility - User: Admin User | Dept: admin | canSeeAll: true | where: {}
[2026-05-08T04:29:36.251Z] MRN Visibility - User: Admin User | Dept: admin | canSeeAll: true | where: {}
[2026-05-08T04:29:58.398Z] User: Admin User | Dept: admin | Desig: administrator | isRnD: false | where: {}
[2026-05-08T04:39:28.210Z] User: Admin User | Dept: admin | Desig: administrator | isRnD: false | where: {}
[2026-05-08T04:39:59.916Z] User: Admin User | Dept: admin | Desig: administrator | isRnD: false | where: {}
[2026-05-08T04:40:14.276Z] User: Admin User | Dept: admin | Desig: administrator | isRnD: false | where: {}
[2026-05-08T04:40:33.648Z] User: Admin User | Dept: admin | Desig: administrator | isRnD: false | where: {}
[2026-05-08T04:40:39.293Z] User: Admin User | Dept: admin | Desig: administrator | isRnD: false | where: {}
[2026-05-08T04:40:52.359Z] User: Admin User | Dept: admin | Desig: administrator | isRnD: false | where: {}
[2026-05-08T04:41:34.351Z] User: Admin User | Dept: admin | Desig: administrator | isRnD: false | where: {}
[2026-05-08T04:45:01.010Z] User: Admin User | Dept: admin | Desig: administrator | isRnD: false | where: {}
[2026-05-08T04:45:06.558Z] User: Admin User | Dept: admin | Desig: administrator | isRnD: false | where: {}
[2026-05-08T04:45:18.891Z] User: Admin User | Dept: admin | Desig: administrator | isRnD: false | where: {}
[2026-05-08T04:45:49.486Z] User: Admin User | Dept: admin | Desig: administrator | isRnD: false | where: {}
[2026-05-08T04:45:50.212Z] User: Admin User | Dept: admin | Desig: administrator | isRnD: false | where: {}
[2026-05-08T04:46:19.437Z] User: Admin User | Dept: admin | Desig: administrator | isRnD: false | where: {}
[2026-05-08T04:46:25.570Z] User: Admin User | Dept: admin | Desig: administrator | isRnD: false | where: {}
[2026-05-08T04:46:27.474Z] User: Admin User | Dept: admin | Desig: administrator | isRnD: false | where: {}
[2026-05-08T04:46:28.491Z] User: Admin User | Dept: admin | Desig: administrator | isRnD: false | where: {}
[2026-05-08T04:46:57.938Z] User: Admin User | Dept: admin | Desig: administrator | isRnD: false | where: {}
[2026-05-08T04:47:38.169Z] User: Admin User | Dept: admin | Desig: administrator | isRnD: false | where: {}
[2026-05-08T04:47:47.776Z] User: Admin User | Dept: admin | Desig: administrator | isRnD: false | where: {}
[2026-05-08T04:47:54.888Z] User: Admin User | Dept: admin | Desig: administrator | isRnD: false | where: {}
[2026-05-08T04:47:57.269Z] User: Admin User | Dept: admin | Desig: administrator | isRnD: false | where: {}
[2026-05-08T04:47:59.631Z] User: Admin User | Dept: admin | Desig: administrator | isRnD: false | where: {}
[2026-05-08T04:48:06.522Z] User: Admin User | Dept: admin | Desig: administrator | isRnD: false | where: {}
[2026-05-08T04:48:21.989Z] User: Admin User | Dept: admin | Desig: administrator | isRnD: false | where: {}
[2026-05-08T04:48:33.051Z] User: Admin User | Dept: admin | Desig: administrator | isRnD: false | where: {}
[2026-05-08T04:48:41.377Z] User: Admin User | Dept: admin | Desig: administrator | isRnD: false | where: {}
[2026-05-08T04:48:56.260Z] User: Admin User | Dept: admin | Desig: administrator | isRnD: false | where: {}
[2026-05-08T04:48:58.593Z] User: Admin User | Dept: admin | Desig: administrator | isRnD: false | where: {}
[2026-05-08T04:50:14.046Z] User: Admin User | Dept: admin | Desig: administrator | isRnD: false | where: {}
[2026-05-08T04:52:05.818Z] User: Admin User | Dept: admin | Desig: administrator | isRnD: false | where: {}
[2026-05-08T04:52:46.266Z] User: Admin User | Dept: admin | Desig: administrator | isRnD: false | where: {}
[2026-05-08T04:52:48.194Z] User: Admin User | Dept: admin | Desig: administrator | isRnD: false | where: {}
[2026-05-08T04:52:54.556Z] User: Admin User | Dept: admin | Desig: administrator | isRnD: false | where: {}
[2026-05-08T04:53:06.543Z] User: Admin User | Dept: admin | Desig: administrator | isRnD: false | where: {}
[2026-05-08T04:53:23.381Z] User: Admin User | Dept: admin | Desig: administrator | isRnD: false | where: {}
[2026-05-08T04:54:17.181Z] User: Admin User | Dept: admin | Desig: administrator | isRnD: false | where: {}
[2026-05-08T04:57:47.995Z] User: Admin User | Dept: admin | Desig: administrator | isRnD: false | where: {}
[2026-05-08T04:57:54.514Z] User: Admin User | Dept: admin | Desig: administrator | isRnD: false | where: {}
[2026-05-08T04:57:59.953Z] User: Admin User | Dept: admin | Desig: administrator | isRnD: false | where: {}
[2026-05-08T04:58:02.110Z] User: Admin User | Dept: admin | Desig: administrator | isRnD: false | where: {}
[2026-05-08T04:58:08.057Z] User: Admin User | Dept: admin | Desig: administrator | isRnD: false | where: {}
[2026-05-08T04:58:08.702Z] User: Admin User | Dept: admin | Desig: administrator | isRnD: false | where: {}
[2026-05-08T04:58:36.193Z] User: Admin User | Dept: admin | Desig: administrator | isRnD: false | where: {}
[2026-05-08T04:58:40.902Z] User: Admin User | Dept: admin | Desig: administrator | isRnD: false | where: {}
[2026-05-08T04:58:44.850Z] User: Admin User | Dept: admin | Desig: administrator | isRnD: false | where: {}
[2026-05-08T04:58:47.087Z] User: Admin User | Dept: admin | Desig: administrator | isRnD: false | where: {}
[2026-05-08T04:58:56.400Z] User: Admin User | Dept: admin | Desig: administrator | isRnD: false | where: {}
[2026-05-08T04:59:01.925Z] User: Admin User | Dept: admin | Desig: administrator | isRnD: false | where: {}
[2026-05-08T04:59:02.629Z] User: Admin User | Dept: admin | Desig: administrator | isRnD: false | where: {}
[2026-05-08T04:59:16.159Z] User: Admin User | Dept: admin | Desig: administrator | isRnD: false | where: {}
[2026-05-08T04:59:19.947Z] User: Admin User | Dept: admin | Desig: administrator | isRnD: false | where: {}
[2026-05-08T04:59:21.052Z] User: Admin User | Dept: admin | Desig: administrator | isRnD: false | where: {}
[2026-05-08T04:59:21.766Z] User: Admin User | Dept: admin | Desig: administrator | isRnD: false | where: {}
[2026-05-08T04:59:27.005Z] User: Admin User | Dept: admin | Desig: administrator | isRnD: false | where: {}
[2026-05-08T04:59:39.687Z] User: Admin User | Dept: admin | Desig: administrator | isRnD: false | where: {}
[2026-05-08T05:10:33.886Z] User: Admin User | Dept: admin | Desig: administrator | isRnD: false | where: {}
[2026-05-08T05:14:38.744Z] User: Admin User | Dept: admin | Desig: administrator | isRnD: false | where: {}
[2026-05-08T05:16:41.825Z] User: Admin User | Dept: admin | Desig: administrator | isRnD: false | where: {}
[2026-05-08T05:17:10.424Z] User: Admin User | Dept: admin | Desig: administrator | isRnD: false | where: {}
[2026-05-08T05:17:20.108Z] User: Admin User | Dept: admin | Desig: administrator | isRnD: false | where: {}
[2026-05-08T05:17:36.885Z] User: Admin User | Dept: admin | Desig: administrator | isRnD: false | where: {}
[2026-05-08T05:18:06.503Z] User: Admin User | Dept: admin | Desig: administrator | isRnD: false | where: {}
[2026-05-08T05:18:14.002Z] User: Admin User | Dept: admin | Desig: administrator | isRnD: false | where: {}
[2026-05-08T05:18:17.412Z] User: Admin User | Dept: admin | Desig: administrator | isRnD: false | where: {}
[2026-05-08T05:18:34.341Z] User: Admin User | Dept: admin | Desig: administrator | isRnD: false | where: {}
[2026-05-08T05:18:40.046Z] User: Admin User | Dept: admin | Desig: administrator | isRnD: false | where: {}
[2026-05-08T05:18:46.618Z] User: Admin User | Dept: admin | Desig: administrator | isRnD: false | where: {}
[2026-05-08T05:18:54.012Z] User: Admin User | Dept: admin | Desig: administrator | isRnD: false | where: {}
[2026-05-08T05:19:07.687Z] User: Admin User | Dept: admin | Desig: administrator | isRnD: false | where: {}
[2026-05-08T05:19:21.584Z] User: Admin User | Dept: admin | Desig: administrator | isRnD: false | where: {}
[2026-05-08T05:19:27.293Z] User: Admin User | Dept: admin | Desig: administrator | isRnD: false | where: {}
[2026-05-08T05:19:30.757Z] User: Admin User | Dept: admin | Desig: administrator | isRnD: false | where: {}
[2026-05-08T05:19:39.074Z] User: Admin User | Dept: admin | Desig: administrator | isRnD: false | where: {}
[2026-05-08T05:20:16.682Z] User: Admin User | Dept: admin | Desig: administrator | isRnD: false | where: {}
[2026-05-08T06:04:55.947Z] User: Admin User | Dept: admin | Desig: administrator | isRnD: false | where: {}
[2026-05-08T06:06:02.078Z] User: Admin User | Dept: admin | Desig: administrator | isRnD: false | where: {}
[2026-05-08T06:06:37.973Z] User: Admin User | Dept: admin | Desig: administrator | isRnD: false | where: {}
[2026-05-08T06:07:00.011Z] User: Admin User | Dept: admin | Desig: administrator | isRnD: false | where: {}
[2026-05-08T06:12:58.553Z] User: Admin User | Dept: admin | Desig: administrator | isRnD: false | where: {}
[2026-05-08T06:13:16.850Z] User: Admin User | Dept: admin | Desig: administrator | isRnD: false | where: {}
[2026-05-08T06:45:33.293Z] User: Admin User | Dept: admin | Desig: administrator | isRnD: false | where: {}
[2026-05-08T06:45:51.248Z] User: Admin User | Dept: admin | Desig: administrator | isRnD: false | where: {}
[2026-05-08T06:46:09.038Z] User: Admin User | Dept: admin | Desig: administrator | isRnD: false | where: {}
[2026-05-08T06:48:31.757Z] User: Admin User | Dept: admin | Desig: administrator | isRnD: false | where: {}
[2026-05-08T06:49:54.170Z] User: Admin User | Dept: admin | Desig: administrator | isRnD: false | where: {}
[2026-05-08T06:50:31.800Z] User: Admin User | Dept: admin | Desig: administrator | isRnD: false | where: {}
[2026-05-08T06:50:39.374Z] User: Admin User | Dept: admin | Desig: administrator | isRnD: false | where: {}
[2026-05-08T06:50:46.526Z] User: Admin User | Dept: admin | Desig: administrator | isRnD: false | where: {}
[2026-05-08T06:50:49.249Z] User: Admin User | Dept: admin | Desig: administrator | isRnD: false | where: {}
[2026-05-08T06:51:18.659Z] User: Admin User | Dept: admin | Desig: administrator | isRnD: false | where: {}
[2026-05-08T06:51:36.846Z] User: Admin User | Dept: admin | Desig: administrator | isRnD: false | where: {}
[2026-05-08T06:51:47.938Z] User: Admin User | Dept: admin | Desig: administrator | isRnD: false | where: {}
[2026-05-08T06:52:01.298Z] User: Admin User | Dept: admin | Desig: administrator | isRnD: false | where: {}
[2026-05-08T06:52:04.561Z] User: Admin User | Dept: admin | Desig: administrator | isRnD: false | where: {}
[2026-05-08T06:52:07.881Z] User: Admin User | Dept: admin | Desig: administrator | isRnD: false | where: {}
[2026-05-08T06:52:12.426Z] User: Admin User | Dept: admin | Desig: administrator | isRnD: false | where: {}
[2026-05-08T06:52:54.858Z] User: Admin User | Dept: admin | Desig: administrator | isRnD: false | where: {}
[2026-05-08T07:05:46.712Z] User: Admin User | Dept: admin | Desig: administrator | isRnD: false | where: {}
[2026-05-08T07:07:47.137Z] MRN Visibility - User: Admin User | Dept: admin | canSeeAll: true | where: {}
[2026-05-08T07:07:52.220Z] MRN Visibility - User: Admin User | Dept: admin | canSeeAll: true | where: {}
[2026-05-08T07:08:00.199Z] MRN Visibility - User: Admin User | Dept: admin | canSeeAll: true | where: {"mrn_type":"Store"}
[2026-05-08T07:08:02.437Z] MRN Visibility - User: Admin User | Dept: admin | canSeeAll: true | where: {"mrn_type":"Project_Transfer"}
[2026-05-08T07:08:06.003Z] MRN Visibility - User: Admin User | Dept: admin | canSeeAll: true | where: {}
[2026-05-08T07:08:10.510Z] MRN Visibility - User: Admin User | Dept: admin | canSeeAll: true | where: {}
[2026-05-08T07:08:10.515Z] MRN Visibility - User: Admin User | Dept: admin | canSeeAll: true | where: {}
[2026-05-08T07:08:10.567Z] MRN Visibility - User: Admin User | Dept: admin | canSeeAll: true | where: {}
[2026-05-08T07:08:10.620Z] MRN Visibility - User: Admin User | Dept: admin | canSeeAll: true | where: {}
[2026-05-08T07:08:11.603Z] MRN Visibility - User: Admin User | Dept: admin | canSeeAll: true | where: {}
[2026-05-08T07:08:12.105Z] MRN Visibility - User: Admin User | Dept: admin | canSeeAll: true | where: {}
[2026-05-08T07:08:12.136Z] MRN Visibility - User: Admin User | Dept: admin | canSeeAll: true | where: {}
[2026-05-08T07:08:12.172Z] MRN Visibility - User: Admin User | Dept: admin | canSeeAll: true | where: {}
[2026-05-08T07:08:12.669Z] MRN Visibility - User: Admin User | Dept: admin | canSeeAll: true | where: {}
[2026-05-08T07:08:12.930Z] MRN Visibility - User: Admin User | Dept: admin | canSeeAll: true | where: {}
[2026-05-08T07:08:13.367Z] MRN Visibility - User: Admin User | Dept: admin | canSeeAll: true | where: {}
[2026-05-08T07:08:13.879Z] MRN Visibility - User: Admin User | Dept: admin | canSeeAll: true | where: {}
[2026-05-08T07:08:14.094Z] MRN Visibility - User: Admin User | Dept: admin | canSeeAll: true | where: {}
[2026-05-08T07:08:14.330Z] MRN Visibility - User: Admin User | Dept: admin | canSeeAll: true | where: {}
[2026-05-08T07:08:14.495Z] MRN Visibility - User: Admin User | Dept: admin | canSeeAll: true | where: {}
[2026-05-08T07:08:15.380Z] MRN Visibility - User: Admin User | Dept: admin | canSeeAll: true | where: {}
[2026-05-08T07:08:15.569Z] MRN Visibility - User: Admin User | Dept: admin | canSeeAll: true | where: {}
[2026-05-08T07:08:15.912Z] MRN Visibility - User: Admin User | Dept: admin | canSeeAll: true | where: {}
[2026-05-08T07:08:16.496Z] MRN Visibility - User: Admin User | Dept: admin | canSeeAll: true | where: {}
[2026-05-08T07:08:17.677Z] MRN Visibility - User: Admin User | Dept: admin | canSeeAll: true | where: {}
[2026-05-08T07:08:18.310Z] MRN Visibility - User: Admin User | Dept: admin | canSeeAll: true | where: {}
[2026-05-08T07:08:18.727Z] MRN Visibility - User: Admin User | Dept: admin | canSeeAll: true | where: {}
[2026-05-08T07:08:20.605Z] MRN Visibility - User: Admin User | Dept: admin | canSeeAll: true | where: {}
[2026-05-08T07:08:21.120Z] MRN Visibility - User: Admin User | Dept: admin | canSeeAll: true | where: {}
[2026-05-08T07:08:21.147Z] MRN Visibility - User: Admin User | Dept: admin | canSeeAll: true | where: {}
[2026-05-08T07:08:21.178Z] MRN Visibility - User: Admin User | Dept: admin | canSeeAll: true | where: {}
[2026-05-08T07:08:25.852Z] MRN Visibility - User: Admin User | Dept: admin | canSeeAll: true | where: {}
[2026-05-08T07:08:26.032Z] MRN Visibility - User: Admin User | Dept: admin | canSeeAll: true | where: {}
[2026-05-08T07:08:26.174Z] MRN Visibility - User: Admin User | Dept: admin | canSeeAll: true | where: {}
[2026-05-08T07:08:28.624Z] MRN Visibility - User: Admin User | Dept: admin | canSeeAll: true | where: {}
[2026-05-08T07:08:28.770Z] MRN Visibility - User: Admin User | Dept: admin | canSeeAll: true | where: {}
[2026-05-08T07:08:28.930Z] MRN Visibility - User: Admin User | Dept: admin | canSeeAll: true | where: {}
[2026-05-08T07:13:13.465Z] User: Ashik Tomy | Dept: r&d | Desig: r&d head | isRnD: true | where: {}
[2026-05-08T07:13:13.666Z] MRN Visibility - User: Ashik Tomy | Dept: r&d | canSeeAll: false | where: {}
[2026-05-08T07:13:50.491Z] User: Admin User | Dept: admin | Desig: administrator | isRnD: false | where: {}
[2026-05-08T07:13:50.664Z] MRN Visibility - User: Admin User | Dept: admin | canSeeAll: true | where: {}
[2026-05-08T07:13:50.764Z] User: Admin User | Dept: admin | Desig: administrator | isRnD: false | where: {}
[2026-05-08T07:15:47.502Z] User: Ashik Tomy | Dept: r&d | Desig: r&d head | isRnD: true | where: {}
[2026-05-08T07:15:47.698Z] MRN Visibility - User: Ashik Tomy | Dept: r&d | canSeeAll: false | where: {}
[2026-05-08T07:15:54.719Z] User: Ashik Tomy | Dept: r&d | Desig: r&d head | isRnD: true | where: {}
[2026-05-08T07:16:06.626Z] User: Admin User | Dept: admin | Desig: administrator | isRnD: false | where: {}
[2026-05-08T07:16:06.707Z] MRN Visibility - User: Admin User | Dept: admin | canSeeAll: true | where: {}
[2026-05-08T07:16:06.863Z] User: Admin User | Dept: admin | Desig: administrator | isRnD: false | where: {}
[2026-05-08T07:17:24.461Z] User: Ashik Tomy | Dept: r&d | Desig: r&d head | isRnD: true | where: {}
[2026-05-08T07:17:24.677Z] MRN Visibility - User: Ashik Tomy | Dept: r&d | canSeeAll: false | where: {}
[2026-05-08T07:17:27.784Z] User: Ashik Tomy | Dept: r&d | Desig: r&d head | isRnD: true | where: {}
[2026-05-08T07:17:28.996Z] User: Ashik Tomy | Dept: r&d | Desig: r&d head | isRnD: true | where: {}
[2026-05-08T07:17:31.678Z] MRN Visibility - User: Ashik Tomy | Dept: r&d | canSeeAll: false | where: {}
[2026-05-08T07:17:33.900Z] User: Ashik Tomy | Dept: r&d | Desig: r&d head | isRnD: true | where: {}
[2026-05-08T07:17:36.953Z] User: Ashik Tomy | Dept: r&d | Desig: r&d head | isRnD: true | where: {}
[2026-05-08T07:18:35.616Z] User: Ashik Tomy | Dept: r&d | Desig: r&d head | isRnD: true | where: {}
[2026-05-08T07:18:49.791Z] User: Ashik Tomy | Dept: r&d | Desig: r&d head | isRnD: true | where: {}
[2026-05-08T07:19:21.590Z] User: Admin User | Dept: admin | Desig: administrator | isRnD: false | where: {}
[2026-05-08T07:19:21.659Z] MRN Visibility - User: Admin User | Dept: admin | canSeeAll: true | where: {}
[2026-05-08T07:19:21.885Z] User: Admin User | Dept: admin | Desig: administrator | isRnD: false | where: {}
[2026-05-08T07:20:08.417Z] User: Alphin Philip | Dept: r&d | Desig: project lead | isRnD: true | where: {}
[2026-05-08T07:20:08.567Z] MRN Visibility - User: Alphin Philip | Dept: r&d | canSeeAll: false | where: {}
[2026-05-08T07:20:10.357Z] User: Alphin Philip | Dept: r&d | Desig: project lead | isRnD: true | where: {}
[2026-05-08T07:20:49.482Z] User: Alphin Philip | Dept: r&d | Desig: project lead | isRnD: true | where: {}
[2026-05-08T07:21:06.329Z] User: Ashik Tomy | Dept: r&d | Desig: r&d head | isRnD: true | where: {}
[2026-05-08T07:21:06.523Z] MRN Visibility - User: Ashik Tomy | Dept: r&d | canSeeAll: false | where: {}
[2026-05-08T07:21:08.470Z] User: Ashik Tomy | Dept: r&d | Desig: r&d head | isRnD: true | where: {}
[2026-05-08T07:21:18.335Z] User: Ashik Tomy | Dept: r&d | Desig: r&d head | isRnD: true | where: {}
[2026-05-08T07:21:34.807Z] User: Admin User | Dept: admin | Desig: administrator | isRnD: false | where: {}
[2026-05-08T07:21:34.975Z] User: Admin User | Dept: admin | Desig: administrator | isRnD: false | where: {}
[2026-05-08T07:21:35.004Z] MRN Visibility - User: Admin User | Dept: admin | canSeeAll: true | where: {}
[2026-05-08T07:22:52.718Z] User: Airene V | Dept: purchase | Desig: purchase officer | isRnD: false | where: {}
[2026-05-08T07:22:52.959Z] MRN Visibility - User: Airene V | Dept: purchase | canSeeAll: true | where: {}
[2026-05-08T07:22:56.963Z] User: Airene V | Dept: purchase | Desig: purchase officer | isRnD: false | where: {}
[2026-05-08T07:23:43.577Z] User: Airene V | Dept: purchase | Desig: purchase officer | isRnD: false | where: {}
[2026-05-08T07:24:04.957Z] User: Airene V | Dept: purchase | Desig: purchase officer | isRnD: false | where: {}
[2026-05-08T07:24:23.397Z] User: Admin User | Dept: admin | Desig: administrator | isRnD: false | where: {}
[2026-05-08T07:24:23.483Z] MRN Visibility - User: Admin User | Dept: admin | canSeeAll: true | where: {}
[2026-05-08T07:24:23.742Z] User: Admin User | Dept: admin | Desig: administrator | isRnD: false | where: {}
[2026-05-08T07:25:18.342Z] User: Alex zion | Dept: purchase | Desig: purchase manager | isRnD: false | where: {}
[2026-05-08T07:25:18.580Z] MRN Visibility - User: Alex zion | Dept: purchase | canSeeAll: true | where: {}
[2026-05-08T07:25:20.365Z] User: Alex zion | Dept: purchase | Desig: purchase manager | isRnD: false | where: {}
[2026-05-08T07:25:32.779Z] User: Alex zion | Dept: purchase | Desig: purchase manager | isRnD: false | where: {}
[2026-05-08T07:25:35.560Z] User: Alex zion | Dept: purchase | Desig: purchase manager | isRnD: false | where: {}
[2026-05-08T07:25:49.232Z] User: Alex zion | Dept: purchase | Desig: purchase manager | isRnD: false | where: {}
[2026-05-08T07:26:14.687Z] User: Alex zion | Dept: purchase | Desig: purchase manager | isRnD: false | where: {}
[2026-05-08T07:26:31.212Z] User: Alex zion | Dept: purchase | Desig: purchase manager | isRnD: false | where: {}
[2026-05-08T07:27:44.467Z] User: Admin User | Dept: admin | Desig: administrator | isRnD: false | where: {}
[2026-05-08T07:27:44.642Z] MRN Visibility - User: Admin User | Dept: admin | canSeeAll: true | where: {}
[2026-05-08T07:27:44.735Z] User: Admin User | Dept: admin | Desig: administrator | isRnD: false | where: {}
[2026-05-08T07:27:50.216Z] User: Admin User | Dept: admin | Desig: administrator | isRnD: false | where: {}
[2026-05-08T07:29:30.903Z] User: John thomas | Dept: store | Desig: storekeeper | isRnD: false | where: {}
[2026-05-08T07:29:31.119Z] MRN Visibility - User: John thomas | Dept: store | canSeeAll: true | where: {}
[2026-05-08T07:29:55.740Z] User: John thomas | Dept: store | Desig: storekeeper | isRnD: false | where: {}
[2026-05-08T07:29:55.905Z] MRN Visibility - User: John thomas | Dept: store | canSeeAll: true | where: {}
[2026-05-08T07:30:07.564Z] User: John thomas | Dept: store | Desig: storekeeper | isRnD: false | where: {}
[2026-05-08T07:30:07.726Z] MRN Visibility - User: John thomas | Dept: store | canSeeAll: true | where: {}
[2026-05-08T07:30:47.038Z] User: John thomas | Dept: store | Desig: storekeeper | isRnD: false | where: {}
[2026-05-08T07:30:47.235Z] MRN Visibility - User: John thomas | Dept: store | canSeeAll: true | where: {}
[2026-05-08T07:31:02.066Z] User: Mahadev Ambadi | Dept: quality | Desig: quality member (qc) | isRnD: false | where: {}
[2026-05-08T07:31:02.294Z] MRN Visibility - User: Mahadev Ambadi | Dept: quality | canSeeAll: false | where: {}
[2026-05-08T07:31:02.300Z] User: Mahadev Ambadi | Dept: quality | Desig: quality member (qc) | isRnD: false | where: {}
[2026-05-08T07:31:49.354Z] User: Admin User | Dept: admin | Desig: administrator | isRnD: false | where: {}
[2026-05-08T07:31:49.528Z] User: Admin User | Dept: admin | Desig: administrator | isRnD: false | where: {}
[2026-05-08T07:31:49.560Z] MRN Visibility - User: Admin User | Dept: admin | canSeeAll: true | where: {}
[2026-05-08T07:32:17.827Z] User: Mahadev Ambadi | Dept: quality | Desig: quality member (qc) | isRnD: false | where: {}
[2026-05-08T07:32:18.052Z] User: Mahadev Ambadi | Dept: quality | Desig: quality member (qc) | isRnD: false | where: {}
[2026-05-08T07:32:18.067Z] MRN Visibility - User: Mahadev Ambadi | Dept: quality | canSeeAll: false | where: {}
[2026-05-08T07:33:55.298Z] User: Admin User | Dept: admin | Desig: administrator | isRnD: false | where: {}
[2026-05-08T07:33:55.559Z] MRN Visibility - User: Admin User | Dept: admin | canSeeAll: true | where: {}
[2026-05-08T07:33:55.619Z] User: Admin User | Dept: admin | Desig: administrator | isRnD: false | where: {}
[2026-05-08T07:36:37.158Z] MRN Visibility - User: Admin User | Dept: admin | canSeeAll: true | where: {}
[2026-05-08T07:37:46.397Z] User: Ashik Tomy | Dept: r&d | Desig: r&d head | isRnD: true | where: {}
[2026-05-08T07:37:46.613Z] MRN Visibility - User: Ashik Tomy | Dept: r&d | canSeeAll: false | where: {}
[2026-05-08T07:37:52.050Z] MRN Visibility - User: Ashik Tomy | Dept: r&d | canSeeAll: false | where: {}
[2026-05-08T07:38:51.367Z] MRN Visibility - User: Ashik Tomy | Dept: r&d | canSeeAll: false | where: {}
[2026-05-08T07:39:44.566Z] MRN Visibility - User: Ashik Tomy | Dept: r&d | canSeeAll: false | where: {}
[2026-05-08T07:40:03.139Z] User: John thomas | Dept: store | Desig: storekeeper | isRnD: false | where: {}
[2026-05-08T07:40:03.366Z] MRN Visibility - User: John thomas | Dept: store | canSeeAll: true | where: {}
[2026-05-08T07:40:05.945Z] MRN Visibility - User: John thomas | Dept: store | canSeeAll: true | where: {}
[2026-05-08T07:40:21.009Z] MRN Visibility - User: John thomas | Dept: store | canSeeAll: true | where: {}
[2026-05-08T07:40:47.389Z] User: Admin User | Dept: admin | Desig: administrator | isRnD: false | where: {}
[2026-05-08T07:40:47.642Z] User: Admin User | Dept: admin | Desig: administrator | isRnD: false | where: {}
[2026-05-08T07:40:47.666Z] MRN Visibility - User: Admin User | Dept: admin | canSeeAll: true | where: {}
[2026-05-08T07:41:26.543Z] User: Alphin Philip | Dept: r&d | Desig: project lead | isRnD: true | where: {}
[2026-05-08T07:41:26.715Z] MRN Visibility - User: Alphin Philip | Dept: r&d | canSeeAll: false | where: {}
[2026-05-08T07:41:29.607Z] MRN Visibility - User: Alphin Philip | Dept: r&d | canSeeAll: false | where: {}
[2026-05-08T07:42:47.979Z] MRN Visibility - User: Alphin Philip | Dept: r&d | canSeeAll: false | where: {}
[2026-05-08T07:43:34.503Z] MRN Visibility - User: Alphin Philip | Dept: r&d | canSeeAll: false | where: {}
[2026-05-08T07:43:53.446Z] User: Admin User | Dept: admin | Desig: administrator | isRnD: false | where: {}
[2026-05-08T07:43:53.650Z] MRN Visibility - User: Admin User | Dept: admin | canSeeAll: true | where: {}
[2026-05-08T07:43:53.656Z] User: Admin User | Dept: admin | Desig: administrator | isRnD: false | where: {}
[2026-05-08T07:44:06.410Z] User: Admin User | Dept: admin | Desig: administrator | isRnD: false | where: {}
[2026-05-08T07:44:06.484Z] MRN Visibility - User: Admin User | Dept: admin | canSeeAll: true | where: {}
[2026-05-08T07:44:06.683Z] User: Admin User | Dept: admin | Desig: administrator | isRnD: false | where: {}
[2026-05-08T07:45:59.274Z] User: Alphin Philip | Dept: r&d | Desig: project lead | isRnD: true | where: {}
[2026-05-08T07:45:59.451Z] MRN Visibility - User: Alphin Philip | Dept: r&d | canSeeAll: false | where: {}
[2026-05-08T07:46:01.698Z] MRN Visibility - User: Alphin Philip | Dept: r&d | canSeeAll: false | where: {}
[2026-05-08T07:46:28.231Z] MRN Visibility - User: Alphin Philip | Dept: r&d | canSeeAll: false | where: {}
[2026-05-08T07:46:53.938Z] MRN Visibility - User: Alphin Philip | Dept: r&d | canSeeAll: false | where: {}
[2026-05-08T07:47:34.146Z] User: John thomas | Dept: store | Desig: storekeeper | isRnD: false | where: {}
[2026-05-08T07:47:34.362Z] MRN Visibility - User: John thomas | Dept: store | canSeeAll: true | where: {}
[2026-05-08T07:47:37.508Z] MRN Visibility - User: John thomas | Dept: store | canSeeAll: true | where: {}
[2026-05-08T07:47:59.597Z] MRN Visibility - User: John thomas | Dept: store | canSeeAll: true | where: {}
[2026-05-08T07:48:06.531Z] MRN Visibility - User: John thomas | Dept: store | canSeeAll: true | where: {}
[2026-05-08T07:48:31.665Z] User: Ashik Tomy | Dept: r&d | Desig: project lead | isRnD: true | where: {}
[2026-05-08T07:48:31.897Z] MRN Visibility - User: Ashik Tomy | Dept: r&d | canSeeAll: false | where: {}
[2026-05-08T07:48:33.791Z] MRN Visibility - User: Ashik Tomy | Dept: r&d | canSeeAll: false | where: {}
[2026-05-08T07:48:50.729Z] MRN Visibility - User: Ashik Tomy | Dept: r&d | canSeeAll: false | where: {}
[2026-05-08T07:49:05.758Z] User: Ashik Tomy | Dept: r&d | Desig: project lead | isRnD: true | where: {}
[2026-05-08T07:49:05.922Z] MRN Visibility - User: Ashik Tomy | Dept: r&d | canSeeAll: false | where: {}
[2026-05-08T07:49:20.502Z] User: Admin User | Dept: admin | Desig: administrator | isRnD: false | where: {}
[2026-05-08T07:49:20.754Z] User: Admin User | Dept: admin | Desig: administrator | isRnD: false | where: {}
[2026-05-08T07:49:20.791Z] MRN Visibility - User: Admin User | Dept: admin | canSeeAll: true | where: {}
[2026-05-08T07:58:15.966Z] MRN Visibility - User: Admin User | Dept: admin | canSeeAll: true | where: {}
[2026-05-08T07:58:59.493Z] MRN Visibility - User: Admin User | Dept: admin | canSeeAll: true | where: {}
[2026-05-08T09:16:54.372Z] User: Admin User | Dept: admin | Desig: administrator | isRnD: false | where: {}
[2026-05-08T09:28:29.659Z] User: Admin User | Dept: admin | Desig: administrator | isRnD: false | where: {}
[2026-05-08T09:28:53.330Z] User: Admin User | Dept: admin | Desig: administrator | isRnD: false | where: {}
[2026-05-08T09:28:58.642Z] User: Admin User | Dept: admin | Desig: administrator | isRnD: false | where: {}
[2026-05-08T09:29:07.885Z] User: Admin User | Dept: admin | Desig: administrator | isRnD: false | where: {}
[2026-05-08T09:30:11.863Z] MRN Visibility - User: Admin User | Dept: admin | canSeeAll: true | where: {}
[2026-05-08T09:31:06.744Z] User: Admin User | Dept: admin | Desig: administrator | isRnD: false | where: {}
[2026-05-08T09:31:38.619Z] User: Admin User | Dept: admin | Desig: administrator | isRnD: false | where: {}
[2026-05-08T09:32:04.782Z] User: Admin User | Dept: admin | Desig: administrator | isRnD: false | where: {}
[2026-05-08T09:32:05.066Z] User: Admin User | Dept: admin | Desig: administrator | isRnD: false | where: {}
[2026-05-08T09:32:12.732Z] User: Admin User | Dept: admin | Desig: administrator | isRnD: false | where: {}
[2026-05-08T09:32:13.002Z] User: Admin User | Dept: admin | Desig: administrator | isRnD: false | where: {}
[2026-05-08T09:32:19.973Z] User: Admin User | Dept: admin | Desig: administrator | isRnD: false | where: {}
[2026-05-08T09:32:21.265Z] User: Admin User | Dept: admin | Desig: administrator | isRnD: false | where: {}
[2026-05-08T09:32:25.125Z] User: Admin User | Dept: admin | Desig: administrator | isRnD: false | where: {}
[2026-05-08T09:32:27.079Z] User: Admin User | Dept: admin | Desig: administrator | isRnD: false | where: {}
[2026-05-08T09:32:37.694Z] User: Admin User | Dept: admin | Desig: administrator | isRnD: false | where: {}
[2026-05-08T09:32:46.278Z] User: Admin User | Dept: admin | Desig: administrator | isRnD: false | where: {}
[2026-05-08T09:32:58.006Z] User: Admin User | Dept: admin | Desig: administrator | isRnD: false | where: {}
[2026-05-08T09:33:04.860Z] User: Admin User | Dept: admin | Desig: administrator | isRnD: false | where: {}
[2026-05-08T09:33:07.438Z] User: Admin User | Dept: admin | Desig: administrator | isRnD: false | where: {}
[2026-05-08T09:33:10.976Z] User: Admin User | Dept: admin | Desig: administrator | isRnD: false | where: {}
[2026-05-08T09:33:15.872Z] User: Admin User | Dept: admin | Desig: administrator | isRnD: false | where: {}
[2026-05-08T09:33:34.699Z] User: Admin User | Dept: admin | Desig: administrator | isRnD: false | where: {}
[2026-05-08T09:36:40.848Z] User: Admin User | Dept: admin | Desig: administrator | isRnD: false | where: {}
[2026-05-08T09:37:30.611Z] User: Admin User | Dept: admin | Desig: administrator | isRnD: false | where: {}
[2026-05-08T09:37:54.456Z] User: Admin User | Dept: admin | Desig: administrator | isRnD: false | where: {}
[2026-05-08T09:38:06.027Z] User: Admin User | Dept: admin | Desig: administrator | isRnD: false | where: {}
[2026-05-08T09:39:04.616Z] User: Admin User | Dept: admin | Desig: administrator | isRnD: false | where: {}
[2026-05-08T09:39:23.344Z] User: Admin User | Dept: admin | Desig: administrator | isRnD: false | where: {}
[2026-05-08T09:39:39.063Z] User: Admin User | Dept: admin | Desig: administrator | isRnD: false | where: {}
[2026-05-08T09:39:46.204Z] User: Admin User | Dept: admin | Desig: administrator | isRnD: false | where: {}
[2026-05-08T09:39:51.833Z] User: Admin User | Dept: admin | Desig: administrator | isRnD: false | where: {}
[2026-05-08T09:39:53.133Z] User: Admin User | Dept: admin | Desig: administrator | isRnD: false | where: {}
[2026-05-08T09:40:03.998Z] User: Admin User | Dept: admin | Desig: administrator | isRnD: false | where: {}
[2026-05-08T09:40:12.677Z] User: Admin User | Dept: admin | Desig: administrator | isRnD: false | where: {}
[2026-05-08T09:40:18.998Z] User: Admin User | Dept: admin | Desig: administrator | isRnD: false | where: {}
[2026-05-08T09:40:21.131Z] User: Admin User | Dept: admin | Desig: administrator | isRnD: false | where: {}
[2026-05-08T09:40:24.718Z] User: Admin User | Dept: admin | Desig: administrator | isRnD: false | where: {}
[2026-05-08T09:40:40.574Z] User: Admin User | Dept: admin | Desig: administrator | isRnD: false | where: {}
[2026-05-08T09:42:05.878Z] User: Admin User | Dept: admin | Desig: administrator | isRnD: false | where: {}
[2026-05-08T09:42:10.322Z] User: Admin User | Dept: admin | Desig: administrator | isRnD: false | where: {}
[2026-05-08T09:57:13.301Z] MRN Visibility - User: Admin User | Dept: admin | canSeeAll: true | where: {}
[2026-05-08T09:57:16.904Z] MRN Visibility - User: Admin User | Dept: admin | canSeeAll: true | where: {}
[2026-05-08T10:03:48.168Z] User: Admin User | Dept: admin | Desig: administrator | isRnD: false | where: {}
[2026-05-08T10:03:48.294Z] MRN Visibility - User: Admin User | Dept: admin | canSeeAll: true | where: {}
[2026-05-08T10:03:48.457Z] User: Admin User | Dept: admin | Desig: administrator | isRnD: false | where: {}
[2026-05-08T10:04:00.930Z] User: Admin User | Dept: admin | Desig: administrator | isRnD: false | where: {}
[2026-05-08T10:04:03.465Z] User: Admin User | Dept: admin | Desig: administrator | isRnD: false | where: {}
[2026-05-08T10:04:03.621Z] User: Admin User | Dept: admin | Desig: administrator | isRnD: false | where: {}
[2026-05-08T10:04:03.659Z] MRN Visibility - User: Admin User | Dept: admin | canSeeAll: true | where: {}
[2026-05-08T10:04:10.610Z] User: Admin User | Dept: admin | Desig: administrator | isRnD: false | where: {}
[2026-05-08T10:04:54.099Z] User: Admin User | Dept: admin | Desig: administrator | isRnD: false | where: {}
[2026-05-08T10:04:55.030Z] User: Admin User | Dept: admin | Desig: administrator | isRnD: false | where: {}
[2026-05-08T10:04:55.224Z] User: Admin User | Dept: admin | Desig: administrator | isRnD: false | where: {}
[2026-05-08T10:04:55.257Z] MRN Visibility - User: Admin User | Dept: admin | canSeeAll: true | where: {}
[2026-05-08T10:05:05.479Z] User: Admin User | Dept: admin | Desig: administrator | isRnD: false | where: {}
[2026-05-08T10:05:11.327Z] User: Admin User | Dept: admin | Desig: administrator | isRnD: false | where: {}
[2026-05-08T10:05:13.570Z] User: Admin User | Dept: admin | Desig: administrator | isRnD: false | where: {}
[2026-05-08T10:05:13.726Z] User: Admin User | Dept: admin | Desig: administrator | isRnD: false | where: {}
[2026-05-08T10:05:13.769Z] MRN Visibility - User: Admin User | Dept: admin | canSeeAll: true | where: {}
[2026-05-08T10:05:49.602Z] MRN Visibility - User: Admin User | Dept: admin | canSeeAll: true | where: {}
[2026-05-08T10:21:09.300Z] User: Admin User | Dept: admin | Desig: administrator | isRnD: false | where: {}
[2026-05-08T10:21:09.611Z] MRN Visibility - User: Admin User | Dept: admin | canSeeAll: true | where: {}
[2026-05-08T10:21:09.761Z] User: Admin User | Dept: admin | Desig: administrator | isRnD: false | where: {}
[2026-05-08T10:21:12.689Z] MRN Visibility - User: Admin User | Dept: admin | canSeeAll: true | where: {}
[2026-05-08T10:23:32.372Z] MRN Visibility - User: Admin User | Dept: admin | canSeeAll: true | where: {}
[2026-05-08T10:27:48.660Z] MRN Visibility - User: Admin User | Dept: admin | canSeeAll: true | where: {}
[2026-05-08T10:32:03.748Z] MRN Visibility - User: Admin User | Dept: admin | canSeeAll: true | where: {}
[2026-05-08T10:37:13.831Z] MRN Visibility - User: Admin User | Dept: admin | canSeeAll: true | where: {}
[2026-05-08T10:37:37.705Z] MRN Visibility - User: Admin User | Dept: admin | canSeeAll: true | where: {}
[2026-05-08T10:41:42.354Z] MRN Visibility - User: Admin User | Dept: admin | canSeeAll: true | where: {}
[2026-05-08T10:41:52.801Z] MRN Visibility - User: Admin User | Dept: admin | canSeeAll: true | where: {}
[2026-05-08T10:41:54.729Z] User: Admin User | Dept: admin | Desig: administrator | isRnD: false | where: {}
[2026-05-08T10:43:39.145Z] MRN Visibility - User: Admin User | Dept: admin | canSeeAll: true | where: {}
[2026-05-08T10:43:39.230Z] MRN Visibility - User: Admin User | Dept: admin | canSeeAll: true | where: {}
[2026-05-08T10:43:39.395Z] MRN Visibility - User: Admin User | Dept: admin | canSeeAll: true | where: {}
[2026-05-08T10:43:39.619Z] MRN Visibility - User: Admin User | Dept: admin | canSeeAll: true | where: {}
[2026-05-08T10:44:02.992Z] User: Admin User | Dept: admin | Desig: administrator | isRnD: false | where: {}
[2026-05-08T10:44:07.755Z] User: Admin User | Dept: admin | Desig: administrator | isRnD: false | where: {}
[2026-05-08T10:44:07.834Z] User: Admin User | Dept: admin | Desig: administrator | isRnD: false | where: {}
[2026-05-08T10:44:07.850Z] MRN Visibility - User: Admin User | Dept: admin | canSeeAll: true | where: {}
[2026-05-08T10:50:15.629Z] User: Admin User | Dept: admin | Desig: administrator | isRnD: false | where: {}
[2026-05-08T10:50:15.667Z] MRN Visibility - User: Admin User | Dept: admin | canSeeAll: true | where: {}
[2026-05-08T10:50:15.815Z] User: Admin User | Dept: admin | Desig: administrator | isRnD: false | where: {}
[2026-05-08T10:50:15.913Z] MRN Visibility - User: Admin User | Dept: admin | canSeeAll: true | where: {}
[2026-05-08T10:50:15.949Z] User: Admin User | Dept: admin | Desig: administrator | isRnD: false | where: {}
[2026-05-08T10:50:17.669Z] User: Admin User | Dept: admin | Desig: administrator | isRnD: false | where: {}
[2026-05-08T10:50:17.743Z] MRN Visibility - User: Admin User | Dept: admin | canSeeAll: true | where: {}
[2026-05-08T10:50:17.800Z] User: Admin User | Dept: admin | Desig: administrator | isRnD: false | where: {}
[2026-05-08T10:50:22.299Z] User: Admin User | Dept: admin | Desig: administrator | isRnD: false | where: {}
[2026-05-08T10:50:22.317Z] MRN Visibility - User: Admin User | Dept: admin | canSeeAll: true | where: {}
[2026-05-08T10:50:22.390Z] User: Admin User | Dept: admin | Desig: administrator | isRnD: false | where: {}
[2026-05-08T10:50:58.619Z] User: Admin User | Dept: admin | Desig: administrator | isRnD: false | where: {}
[2026-05-08T10:50:58.643Z] MRN Visibility - User: Admin User | Dept: admin | canSeeAll: true | where: {}
[2026-05-08T10:50:58.724Z] User: Admin User | Dept: admin | Desig: administrator | isRnD: false | where: {}
[2026-05-08T10:50:58.783Z] User: Admin User | Dept: admin | Desig: administrator | isRnD: false | where: {}
[2026-05-08T10:50:58.883Z] MRN Visibility - User: Admin User | Dept: admin | canSeeAll: true | where: {}
[2026-05-08T10:50:58.886Z] User: Admin User | Dept: admin | Desig: administrator | isRnD: false | where: {}
[2026-05-08T10:50:58.910Z] User: Admin User | Dept: admin | Desig: administrator | isRnD: false | where: {}
[2026-05-08T10:50:59.038Z] MRN Visibility - User: Admin User | Dept: admin | canSeeAll: true | where: {}
[2026-05-08T10:50:59.065Z] User: Admin User | Dept: admin | Desig: administrator | isRnD: false | where: {}
[2026-05-08T10:50:59.106Z] MRN Visibility - User: Admin User | Dept: admin | canSeeAll: true | where: {}
[2026-05-08T10:50:59.184Z] User: Admin User | Dept: admin | Desig: administrator | isRnD: false | where: {}
[2026-05-08T10:50:59.242Z] MRN Visibility - User: Admin User | Dept: admin | canSeeAll: true | where: {}
[2026-05-08T10:50:59.262Z] User: Admin User | Dept: admin | Desig: administrator | isRnD: false | where: {}
[2026-05-08T10:50:59.388Z] User: Admin User | Dept: admin | Desig: administrator | isRnD: false | where: {}
[2026-05-08T10:50:59.406Z] MRN Visibility - User: Admin User | Dept: admin | canSeeAll: true | where: {}
[2026-05-08T10:50:59.477Z] User: Admin User | Dept: admin | Desig: administrator | isRnD: false | where: {}
[2026-05-08T10:51:07.141Z] User: Alphin Philip | Dept: r&d | Desig: project lead | isRnD: true | where: {}
[2026-05-08T10:51:07.190Z] MRN Visibility - User: Alphin Philip | Dept: r&d | canSeeAll: false | where: {}
[2026-05-08T10:51:28.781Z] User: Alphin Philip | Dept: r&d | Desig: project lead | isRnD: true | where: {}
[2026-05-08T10:51:28.866Z] MRN Visibility - User: Alphin Philip | Dept: r&d | canSeeAll: false | where: {}
[2026-05-08T10:51:35.036Z] User: Admin User | Dept: admin | Desig: administrator | isRnD: false | where: {}
[2026-05-08T10:51:35.159Z] MRN Visibility - User: Admin User | Dept: admin | canSeeAll: true | where: {}
[2026-05-08T10:51:35.167Z] User: Admin User | Dept: admin | Desig: administrator | isRnD: false | where: {}
[2026-05-08T10:51:52.409Z] User: Alphin Philip | Dept: r&d | Desig: project lead | isRnD: true | where: {}
[2026-05-08T10:51:52.474Z] MRN Visibility - User: Alphin Philip | Dept: r&d | canSeeAll: false | where: {}
[2026-05-08T10:54:45.179Z] User: Alphin Philip | Dept: r&d | Desig: project lead | isRnD: true | where: {}
[2026-05-08T10:54:45.258Z] MRN Visibility - User: Alphin Philip | Dept: r&d | canSeeAll: false | where: {}
[2026-05-08T10:55:50.584Z] User: Alphin Philip | Dept: r&d | Desig: project lead | isRnD: true | where: {}
[2026-05-08T10:55:50.668Z] MRN Visibility - User: Alphin Philip | Dept: r&d | canSeeAll: false | where: {}
[2026-05-08T10:55:50.739Z] User: Alphin Philip | Dept: r&d | Desig: project lead | isRnD: true | where: {}
[2026-05-08T10:55:50.753Z] MRN Visibility - User: Alphin Philip | Dept: r&d | canSeeAll: false | where: {}
[2026-05-08T10:55:50.903Z] User: Alphin Philip | Dept: r&d | Desig: project lead | isRnD: true | where: {}
[2026-05-08T10:55:50.921Z] MRN Visibility - User: Alphin Philip | Dept: r&d | canSeeAll: false | where: {}
[2026-05-08T10:55:51.128Z] User: Alphin Philip | Dept: r&d | Desig: project lead | isRnD: true | where: {}
[2026-05-08T10:55:51.141Z] MRN Visibility - User: Alphin Philip | Dept: r&d | canSeeAll: false | where: {}
[2026-05-08T10:56:30.157Z] User: Alphin Philip | Dept: r&d | Desig: project lead | isRnD: true | where: {}
[2026-05-08T10:56:30.218Z] MRN Visibility - User: Alphin Philip | Dept: r&d | canSeeAll: false | where: {}
[2026-05-08T10:56:30.318Z] User: Alphin Philip | Dept: r&d | Desig: project lead | isRnD: true | where: {}
[2026-05-08T10:56:30.335Z] MRN Visibility - User: Alphin Philip | Dept: r&d | canSeeAll: false | where: {}
[2026-05-08T10:56:30.467Z] User: Alphin Philip | Dept: r&d | Desig: project lead | isRnD: true | where: {}
[2026-05-08T10:56:30.480Z] MRN Visibility - User: Alphin Philip | Dept: r&d | canSeeAll: false | where: {}
[2026-05-08T10:56:30.601Z] User: Alphin Philip | Dept: r&d | Desig: project lead | isRnD: true | where: {}
[2026-05-08T10:56:30.616Z] MRN Visibility - User: Alphin Philip | Dept: r&d | canSeeAll: false | where: {}
[2026-05-08T10:56:30.745Z] User: Alphin Philip | Dept: r&d | Desig: project lead | isRnD: true | where: {}
[2026-05-08T10:56:30.798Z] MRN Visibility - User: Alphin Philip | Dept: r&d | canSeeAll: false | where: {}
[2026-05-08T10:56:30.874Z] User: Alphin Philip | Dept: r&d | Desig: project lead | isRnD: true | where: {}
[2026-05-08T10:56:30.926Z] MRN Visibility - User: Alphin Philip | Dept: r&d | canSeeAll: false | where: {}
[2026-05-08T10:56:31.018Z] User: Alphin Philip | Dept: r&d | Desig: project lead | isRnD: true | where: {}
[2026-05-08T10:56:31.066Z] MRN Visibility - User: Alphin Philip | Dept: r&d | canSeeAll: false | where: {}
[2026-05-08T10:56:31.195Z] User: Alphin Philip | Dept: r&d | Desig: project lead | isRnD: true | where: {}
[2026-05-08T10:56:31.208Z] MRN Visibility - User: Alphin Philip | Dept: r&d | canSeeAll: false | where: {}
[2026-05-08T10:56:31.409Z] User: Alphin Philip | Dept: r&d | Desig: project lead | isRnD: true | where: {}
[2026-05-08T10:56:31.458Z] MRN Visibility - User: Alphin Philip | Dept: r&d | canSeeAll: false | where: {}
[2026-05-08T10:56:51.425Z] User: Ashik Tomy | Dept: r&d | Desig: project lead | isRnD: true | where: {}
[2026-05-08T10:56:51.499Z] MRN Visibility - User: Ashik Tomy | Dept: r&d | canSeeAll: false | where: {}
[2026-05-08T10:57:03.526Z] User: Admin User | Dept: admin | Desig: administrator | isRnD: false | where: {}
[2026-05-08T10:57:03.551Z] MRN Visibility - User: Admin User | Dept: admin | canSeeAll: true | where: {}
[2026-05-08T10:57:03.631Z] User: Admin User | Dept: admin | Desig: administrator | isRnD: false | where: {}
[2026-05-08T11:00:49.249Z] User: Admin User | Dept: admin | Desig: administrator | isRnD: false | where: {}
[2026-05-08T11:00:49.373Z] MRN Visibility - User: Admin User | Dept: admin | canSeeAll: true | where: {}
[2026-05-08T11:00:49.441Z] User: Admin User | Dept: admin | Desig: administrator | isRnD: false | where: {}
[2026-05-08T11:01:19.685Z] User: Admin User | Dept: admin | Desig: administrator | isRnD: false | where: {}
[2026-05-08T11:01:19.759Z] MRN Visibility - User: Admin User | Dept: admin | canSeeAll: true | where: {}
[2026-05-08T11:01:19.803Z] User: Admin User | Dept: admin | Desig: administrator | isRnD: false | where: {}
[2026-05-08T11:01:19.876Z] User: Admin User | Dept: admin | Desig: administrator | isRnD: false | where: {}
[2026-05-08T11:01:19.948Z] MRN Visibility - User: Admin User | Dept: admin | canSeeAll: true | where: {}
[2026-05-08T11:01:19.975Z] User: Admin User | Dept: admin | Desig: administrator | isRnD: false | where: {}
[2026-05-08T11:01:30.185Z] User: Alphin Philip | Dept: r&d | Desig: project lead | isRnD: true | where: {}
[2026-05-08T11:01:30.203Z] MRN Visibility - User: Alphin Philip | Dept: r&d | canSeeAll: true | where: {}
[2026-05-08T11:01:47.350Z] User: Admin User | Dept: admin | Desig: administrator | isRnD: false | where: {}
[2026-05-08T11:01:47.455Z] MRN Visibility - User: Admin User | Dept: admin | canSeeAll: true | where: {}
[2026-05-08T11:01:47.520Z] User: Admin User | Dept: admin | Desig: administrator | isRnD: false | where: {}
[2026-05-08T11:04:14.994Z] User: Admin User | Dept: admin | Desig: administrator | isRnD: false | where: {}
[2026-05-08T11:04:15.063Z] User: Admin User | Dept: admin | Desig: administrator | isRnD: false | where: {}
[2026-05-08T11:04:15.085Z] MRN Visibility - User: Admin User | Dept: admin | canSeeAll: true | where: {}
[2026-05-08T11:04:15.179Z] User: Admin User | Dept: admin | Desig: administrator | isRnD: false | where: {}
[2026-05-08T11:04:15.271Z] MRN Visibility - User: Admin User | Dept: admin | canSeeAll: true | where: {}
[2026-05-08T11:04:15.278Z] User: Admin User | Dept: admin | Desig: administrator | isRnD: false | where: {}
[2026-05-08T11:04:15.375Z] User: Admin User | Dept: admin | Desig: administrator | isRnD: false | where: {}
[2026-05-08T11:04:15.445Z] MRN Visibility - User: Admin User | Dept: admin | canSeeAll: true | where: {}
[2026-05-08T11:04:15.462Z] User: Admin User | Dept: admin | Desig: administrator | isRnD: false | where: {}
[2026-05-08T11:04:15.550Z] User: Admin User | Dept: admin | Desig: administrator | isRnD: false | where: {}
[2026-05-08T11:04:15.612Z] MRN Visibility - User: Admin User | Dept: admin | canSeeAll: true | where: {}
[2026-05-08T11:04:15.642Z] User: Admin User | Dept: admin | Desig: administrator | isRnD: false | where: {}
[2026-05-08T11:04:15.752Z] User: Admin User | Dept: admin | Desig: administrator | isRnD: false | where: {}
[2026-05-08T11:04:15.770Z] MRN Visibility - User: Admin User | Dept: admin | canSeeAll: true | where: {}
[2026-05-08T11:04:15.836Z] User: Admin User | Dept: admin | Desig: administrator | isRnD: false | where: {}
[2026-05-08T11:04:15.989Z] User: Admin User | Dept: admin | Desig: administrator | isRnD: false | where: {}
[2026-05-08T11:04:16.009Z] MRN Visibility - User: Admin User | Dept: admin | canSeeAll: true | where: {}
[2026-05-08T11:04:16.090Z] User: Admin User | Dept: admin | Desig: administrator | isRnD: false | where: {}
[2026-05-08T11:04:17.179Z] User: Admin User | Dept: admin | Desig: administrator | isRnD: false | where: {}
[2026-05-08T11:04:17.201Z] MRN Visibility - User: Admin User | Dept: admin | canSeeAll: true | where: {}
[2026-05-08T11:04:17.305Z] User: Admin User | Dept: admin | Desig: administrator | isRnD: false | where: {}
[2026-05-08T11:04:17.379Z] User: Admin User | Dept: admin | Desig: administrator | isRnD: false | where: {}
[2026-05-08T11:04:17.443Z] MRN Visibility - User: Admin User | Dept: admin | canSeeAll: true | where: {}
[2026-05-08T11:04:17.466Z] User: Admin User | Dept: admin | Desig: administrator | isRnD: false | where: {}
[2026-05-08T11:04:17.565Z] User: Admin User | Dept: admin | Desig: administrator | isRnD: false | where: {}
[2026-05-08T11:04:17.616Z] MRN Visibility - User: Admin User | Dept: admin | canSeeAll: true | where: {}
[2026-05-08T11:04:17.647Z] User: Admin User | Dept: admin | Desig: administrator | isRnD: false | where: {}
[2026-05-08T11:04:17.798Z] User: Admin User | Dept: admin | Desig: administrator | isRnD: false | where: {}
[2026-05-08T11:04:17.815Z] MRN Visibility - User: Admin User | Dept: admin | canSeeAll: true | where: {}
[2026-05-08T11:04:17.876Z] User: Admin User | Dept: admin | Desig: administrator | isRnD: false | where: {}
[2026-05-08T11:04:26.634Z] User: Mahadev Ambadi | Dept: quality | Desig: quality member (qc) | isRnD: false | where: {}
[2026-05-08T11:04:26.649Z] MRN Visibility - User: Mahadev Ambadi | Dept: quality | canSeeAll: false | where: {}
[2026-05-08T11:04:26.685Z] User: Mahadev Ambadi | Dept: quality | Desig: quality member (qc) | isRnD: false | where: {}
[2026-05-08T11:04:41.309Z] User: Admin User | Dept: admin | Desig: administrator | isRnD: false | where: {}
[2026-05-08T11:04:41.383Z] MRN Visibility - User: Admin User | Dept: admin | canSeeAll: true | where: {}
[2026-05-08T11:04:41.442Z] User: Admin User | Dept: admin | Desig: administrator | isRnD: false | where: {}
[2026-05-08T11:04:59.400Z] User: Admin User | Dept: admin | Desig: administrator | isRnD: false | where: {}
[2026-05-08T11:04:59.424Z] MRN Visibility - User: Admin User | Dept: admin | canSeeAll: true | where: {}
[2026-05-08T11:04:59.509Z] User: Admin User | Dept: admin | Desig: administrator | isRnD: false | where: {}
[2026-05-08T11:05:24.497Z] User: Ashik Tomy | Dept: r&d | Desig: r&d head | isRnD: true | where: {}
[2026-05-08T11:05:24.568Z] MRN Visibility - User: Ashik Tomy | Dept: r&d | canSeeAll: true | where: {}
[2026-05-08T11:07:07.680Z] MRN Visibility - User: Ashik Tomy | Dept: r&d | canSeeAll: true | where: {}
[2026-05-08T11:07:28.654Z] MRN Visibility - User: Ashik Tomy | Dept: r&d | canSeeAll: true | where: {}
[2026-05-08T11:08:18.938Z] User: Ashik Tomy | Dept: r&d | Desig: r&d head | isRnD: true | where: {}
[2026-05-08T11:08:19.040Z] MRN Visibility - User: Ashik Tomy | Dept: r&d | canSeeAll: true | where: {}
[2026-05-08T11:08:30.096Z] User: Admin User | Dept: admin | Desig: administrator | isRnD: false | where: {}
[2026-05-08T11:08:30.208Z] User: Admin User | Dept: admin | Desig: administrator | isRnD: false | where: {}
[2026-05-08T11:08:30.226Z] MRN Visibility - User: Admin User | Dept: admin | canSeeAll: true | where: {}
[2026-05-08T11:08:39.894Z] User: Ashik Tomy | Dept: r&d | Desig: r&d head | isRnD: true | where: {}
[2026-05-08T11:08:39.973Z] MRN Visibility - User: Ashik Tomy | Dept: r&d | canSeeAll: true | where: {}
[2026-05-08T11:08:41.562Z] MRN Visibility - User: Ashik Tomy | Dept: r&d | canSeeAll: true | where: {}
[2026-05-08T11:09:01.240Z] MRN Visibility - User: Ashik Tomy | Dept: r&d | canSeeAll: true | where: {}
[2026-05-08T11:09:18.121Z] User: Admin User | Dept: admin | Desig: administrator | isRnD: false | where: {}
[2026-05-08T11:09:18.212Z] MRN Visibility - User: Admin User | Dept: admin | canSeeAll: true | where: {}
[2026-05-08T11:09:18.267Z] User: Admin User | Dept: admin | Desig: administrator | isRnD: false | where: {}
[2026-05-08T11:13:49.216Z] MRN Visibility - User: Admin User | Dept: admin | canSeeAll: true | where: {}
[2026-05-08T11:14:03.966Z] MRN Visibility - User: Admin User | Dept: admin | canSeeAll: true | where: {}
[2026-05-08T11:14:13.126Z] MRN Visibility - User: Admin User | Dept: admin | canSeeAll: true | where: {}
[2026-05-08T11:14:20.129Z] User: Admin User | Dept: admin | Desig: administrator | isRnD: false | where: {}
[2026-05-08T11:14:20.218Z] MRN Visibility - User: Admin User | Dept: admin | canSeeAll: true | where: {}
[2026-05-08T11:14:20.257Z] User: Admin User | Dept: admin | Desig: administrator | isRnD: false | where: {}
[2026-05-08T11:19:41.337Z] User: Admin User | Dept: admin | Desig: administrator | isRnD: false | where: {}
[2026-05-08T11:19:44.754Z] MRN Visibility - User: Admin User | Dept: admin | canSeeAll: true | where: {}
[2026-05-08T11:24:49.375Z] User: Admin User | Dept: admin | Desig: administrator | isRnD: false | where: {}
[2026-05-08T11:25:17.440Z] User: Admin User | Dept: admin | Desig: administrator | isRnD: false | where: {}
[2026-05-08T11:25:46.129Z] User: Admin User | Dept: admin | Desig: administrator | isRnD: false | where: {}
[2026-05-08T11:26:09.449Z] User: Admin User | Dept: admin | Desig: administrator | isRnD: false | where: {}
[2026-05-08T11:26:13.860Z] User: Admin User | Dept: admin | Desig: administrator | isRnD: false | where: {}
[2026-05-08T11:26:25.648Z] User: Admin User | Dept: admin | Desig: administrator | isRnD: false | where: {}
[2026-05-08T11:26:27.953Z] User: Admin User | Dept: admin | Desig: administrator | isRnD: false | where: {}
[2026-05-08T11:27:25.632Z] User: Admin User | Dept: admin | Desig: administrator | isRnD: false | where: {}
[2026-05-08T11:27:31.367Z] User: Admin User | Dept: admin | Desig: administrator | isRnD: false | where: {}
[2026-05-08T11:27:55.533Z] User: Admin User | Dept: admin | Desig: administrator | isRnD: false | where: {}
[2026-05-08T11:28:04.151Z] User: Admin User | Dept: admin | Desig: administrator | isRnD: false | where: {}
[2026-05-08T11:29:41.387Z] User: Admin User | Dept: admin | Desig: administrator | isRnD: false | where: {}
[2026-05-08T11:30:16.144Z] User: Admin User | Dept: admin | Desig: administrator | isRnD: false | where: {}
[2026-05-08T11:30:40.071Z] User: Admin User | Dept: admin | Desig: administrator | isRnD: false | where: {}
[2026-05-08T11:30:47.726Z] User: Admin User | Dept: admin | Desig: administrator | isRnD: false | where: {}
[2026-05-08T11:30:54.131Z] User: Admin User | Dept: admin | Desig: administrator | isRnD: false | where: {}
[2026-05-08T11:32:12.685Z] User: Admin User | Dept: admin | Desig: administrator | isRnD: false | where: {}
[2026-05-08T11:38:44.644Z] User: Admin User | Dept: admin | Desig: administrator | isRnD: false | where: {}
[2026-05-08T11:39:00.331Z] User: Admin User | Dept: admin | Desig: administrator | isRnD: false | where: {}
[2026-05-08T11:40:40.887Z] User: Admin User | Dept: admin | Desig: administrator | isRnD: false | where: {}
[2026-05-08T11:40:56.506Z] User: Admin User | Dept: admin | Desig: administrator | isRnD: false | where: {}
[2026-05-08T11:41:18.304Z] User: Admin User | Dept: admin | Desig: administrator | isRnD: false | where: {}
[2026-05-08T11:47:40.884Z] User: Admin User | Dept: admin | Desig: administrator | isRnD: false | where: {}
[2026-05-08T11:52:38.206Z] User: Admin User | Dept: admin | Desig: administrator | isRnD: false | where: {}
[2026-05-11T04:06:51.970Z] User: Admin User | Dept: admin | Desig: administrator | isRnD: false | where: {}
[2026-05-11T04:06:52.140Z] MRN Visibility - User: Admin User | Dept: admin | canSeeAll: true | where: {}
[2026-05-11T04:06:52.177Z] User: Admin User | Dept: admin | Desig: administrator | isRnD: false | where: {}
[2026-05-11T04:14:05.985Z] User: Admin User | Dept: admin | Desig: administrator | isRnD: false | where: {}
[2026-05-11T04:14:34.146Z] User: Admin User | Dept: admin | Desig: administrator | isRnD: false | where: {}
[2026-05-11T04:14:34.318Z] User: Admin User | Dept: admin | Desig: administrator | isRnD: false | where: {}
[2026-05-11T04:14:40.149Z] User: Admin User | Dept: admin | Desig: administrator | isRnD: false | where: {}
[2026-05-11T04:14:46.809Z] User: Admin User | Dept: admin | Desig: administrator | isRnD: false | where: {}
[2026-05-11T04:14:47.978Z] User: Admin User | Dept: admin | Desig: administrator | isRnD: false | where: {}
[2026-05-11T04:15:04.121Z] User: Admin User | Dept: admin | Desig: administrator | isRnD: false | where: {}
[2026-05-11T04:15:07.309Z] User: Admin User | Dept: admin | Desig: administrator | isRnD: false | where: {}
[2026-05-11T04:15:18.580Z] User: Admin User | Dept: admin | Desig: administrator | isRnD: false | where: {}
[2026-05-11T04:15:25.626Z] User: Admin User | Dept: admin | Desig: administrator | isRnD: false | where: {}
[2026-05-11T04:15:28.839Z] User: Admin User | Dept: admin | Desig: administrator | isRnD: false | where: {}
[2026-05-11T04:15:48.477Z] User: Admin User | Dept: admin | Desig: administrator | isRnD: false | where: {}
[2026-05-11T04:15:57.330Z] User: Admin User | Dept: admin | Desig: administrator | isRnD: false | where: {}
[2026-05-11T04:16:00.591Z] User: Admin User | Dept: admin | Desig: administrator | isRnD: false | where: {}
[2026-05-11T04:16:13.433Z] User: Admin User | Dept: admin | Desig: administrator | isRnD: false | where: {}
[2026-05-11T04:16:26.757Z] User: Admin User | Dept: admin | Desig: administrator | isRnD: false | where: {}
[2026-05-11T04:16:34.548Z] User: Admin User | Dept: admin | Desig: administrator | isRnD: false | where: {}
[2026-05-11T04:17:01.715Z] User: Admin User | Dept: admin | Desig: administrator | isRnD: false | where: {}
[2026-05-11T04:17:07.353Z] User: Admin User | Dept: admin | Desig: administrator | isRnD: false | where: {}
[2026-05-11T04:17:19.780Z] User: Admin User | Dept: admin | Desig: administrator | isRnD: false | where: {}
[2026-05-11T04:17:45.311Z] User: Admin User | Dept: admin | Desig: administrator | isRnD: false | where: {}
[2026-05-11T04:18:43.269Z] User: Admin User | Dept: admin | Desig: administrator | isRnD: false | where: {}
[2026-05-11T04:20:00.453Z] User: Admin User | Dept: admin | Desig: administrator | isRnD: false | where: {}
[2026-05-11T04:25:02.209Z] User: Admin User | Dept: admin | Desig: administrator | isRnD: false | where: {}
[2026-05-11T04:26:39.921Z] User: Admin User | Dept: admin | Desig: administrator | isRnD: false | where: {}
[2026-05-11T04:27:40.173Z] User: Admin User | Dept: admin | Desig: administrator | isRnD: false | where: {}
[2026-05-11T04:27:40.242Z] MRN Visibility - User: Admin User | Dept: admin | canSeeAll: true | where: {}
[2026-05-11T04:27:40.342Z] User: Admin User | Dept: admin | Desig: administrator | isRnD: false | where: {}
[2026-05-11T04:28:23.434Z] MRN Visibility - User: Admin User | Dept: admin | canSeeAll: true | where: {}
[2026-05-11T04:30:39.805Z] User: Admin User | Dept: admin | Desig: administrator | isRnD: false | where: {}
[2026-05-11T04:32:57.628Z] User: Admin User | Dept: admin | Desig: administrator | isRnD: false | where: {}
[2026-05-11T04:40:02.127Z] MRN Visibility - User: Admin User | Dept: admin | canSeeAll: true | where: {}
[2026-05-11T04:40:48.807Z] User: Admin User | Dept: admin | Desig: administrator | isRnD: false | where: {}
[2026-05-11T04:40:48.885Z] MRN Visibility - User: Admin User | Dept: admin | canSeeAll: true | where: {}
[2026-05-11T04:40:48.948Z] User: Admin User | Dept: admin | Desig: administrator | isRnD: false | where: {}
[2026-05-11T04:41:01.283Z] User: Admin User | Dept: admin | Desig: administrator | isRnD: false | where: {}
[2026-05-11T04:41:14.134Z] User: Admin User | Dept: admin | Desig: administrator | isRnD: false | where: {}
[2026-05-11T04:42:54.442Z] User: Admin User | Dept: admin | Desig: administrator | isRnD: false | where: {}
[2026-05-11T04:43:28.854Z] User: Admin User | Dept: admin | Desig: administrator | isRnD: false | where: {}
[2026-05-11T04:45:41.186Z] User: Admin User | Dept: admin | Desig: administrator | isRnD: false | where: {}
[2026-05-11T04:48:21.655Z] User: Admin User | Dept: admin | Desig: administrator | isRnD: false | where: {}
[2026-05-11T04:48:52.343Z] User: Admin User | Dept: admin | Desig: administrator | isRnD: false | where: {}
[2026-05-11T04:49:03.792Z] User: Admin User | Dept: admin | Desig: administrator | isRnD: false | where: {}
[2026-05-11T04:49:07.702Z] User: Admin User | Dept: admin | Desig: administrator | isRnD: false | where: {}
[2026-05-11T04:49:21.026Z] User: Admin User | Dept: admin | Desig: administrator | isRnD: false | where: {}
[2026-05-11T04:49:30.416Z] User: Admin User | Dept: admin | Desig: administrator | isRnD: false | where: {}
[2026-05-11T04:49:37.187Z] User: Admin User | Dept: admin | Desig: administrator | isRnD: false | where: {}
[2026-05-11T04:49:47.818Z] User: Admin User | Dept: admin | Desig: administrator | isRnD: false | where: {}
[2026-05-11T04:50:13.977Z] User: Admin User | Dept: admin | Desig: administrator | isRnD: false | where: {}
[2026-05-11T04:51:55.528Z] User: Admin User | Dept: admin | Desig: administrator | isRnD: false | where: {}
[2026-05-11T04:52:10.150Z] User: Admin User | Dept: admin | Desig: administrator | isRnD: false | where: {}
[2026-05-11T04:53:20.462Z] User: Admin User | Dept: admin | Desig: administrator | isRnD: false | where: {}
[2026-05-11T05:04:01.096Z] User: Admin User | Dept: admin | Desig: administrator | isRnD: false | where: {}
[2026-05-11T05:09:35.276Z] User: Admin User | Dept: admin | Desig: administrator | isRnD: false | where: {}
[2026-05-11T05:10:55.632Z] User: Admin User | Dept: admin | Desig: administrator | isRnD: false | where: {}
[2026-05-11T05:11:38.154Z] User: Admin User | Dept: admin | Desig: administrator | isRnD: false | where: {}
[2026-05-11T05:11:46.596Z] User: Admin User | Dept: admin | Desig: administrator | isRnD: false | where: {}
[2026-05-11T05:11:48.269Z] User: Admin User | Dept: admin | Desig: administrator | isRnD: false | where: {}
[2026-05-11T05:12:01.795Z] User: Admin User | Dept: admin | Desig: administrator | isRnD: false | where: {}
[2026-05-11T05:12:13.030Z] User: Admin User | Dept: admin | Desig: administrator | isRnD: false | where: {}
[2026-05-11T05:12:32.799Z] User: Admin User | Dept: admin | Desig: administrator | isRnD: false | where: {}
[2026-05-11T05:12:50.693Z] User: Admin User | Dept: admin | Desig: administrator | isRnD: false | where: {}
[2026-05-11T05:13:02.666Z] User: Alex zion | Dept: purchase | Desig: purchase manager | isRnD: false | where: {}
[2026-05-11T05:13:02.742Z] MRN Visibility - User: Alex zion | Dept: purchase | canSeeAll: true | where: {}
[2026-05-11T05:13:04.448Z] User: Alex zion | Dept: purchase | Desig: purchase manager | isRnD: false | where: {}
[2026-05-11T05:13:07.427Z] User: Alex zion | Dept: purchase | Desig: purchase manager | isRnD: false | where: {}
[2026-05-11T05:13:30.930Z] User: Alex zion | Dept: purchase | Desig: purchase manager | isRnD: false | where: {}
[2026-05-11T05:13:55.963Z] User: Alex zion | Dept: purchase | Desig: purchase manager | isRnD: false | where: {}
[2026-05-11T05:14:03.042Z] User: Alex zion | Dept: purchase | Desig: purchase manager | isRnD: false | where: {}
[2026-05-11T05:14:58.116Z] User: Admin User | Dept: admin | Desig: administrator | isRnD: false | where: {}
[2026-05-11T05:14:58.199Z] MRN Visibility - User: Admin User | Dept: admin | canSeeAll: true | where: {}
[2026-05-11T05:14:58.218Z] User: Admin User | Dept: admin | Desig: administrator | isRnD: false | where: {}
[2026-05-11T05:15:30.506Z] User: Airene V | Dept: purchase | Desig: purchase officer | isRnD: false | where: {}
[2026-05-11T05:15:30.627Z] MRN Visibility - User: Airene V | Dept: purchase | canSeeAll: true | where: {}
[2026-05-11T05:15:35.337Z] User: Airene V | Dept: purchase | Desig: purchase officer | isRnD: false | where: {}
[2026-05-11T05:16:07.442Z] User: Airene V | Dept: purchase | Desig: purchase officer | isRnD: false | where: {}
[2026-05-11T05:16:25.594Z] User: Alex zion | Dept: purchase | Desig: purchase manager | isRnD: false | where: {}
[2026-05-11T05:16:25.675Z] MRN Visibility - User: Alex zion | Dept: purchase | canSeeAll: true | where: {}
[2026-05-11T05:16:35.362Z] User: Alex zion | Dept: purchase | Desig: purchase manager | isRnD: false | where: {}
[2026-05-11T05:16:55.036Z] User: Airene V | Dept: purchase | Desig: purchase officer | isRnD: false | where: {}
[2026-05-11T05:16:55.123Z] MRN Visibility - User: Airene V | Dept: purchase | canSeeAll: true | where: {}
[2026-05-11T05:19:39.966Z] User: Admin User | Dept: admin | Desig: administrator | isRnD: false | where: {}
[2026-05-11T05:19:40.059Z] MRN Visibility - User: Admin User | Dept: admin | canSeeAll: true | where: {}
[2026-05-11T05:19:40.083Z] User: Admin User | Dept: admin | Desig: administrator | isRnD: false | where: {}
[2026-05-11T05:19:40.996Z] User: Admin User | Dept: admin | Desig: administrator | isRnD: false | where: {}
[2026-05-11T05:19:41.020Z] MRN Visibility - User: Admin User | Dept: admin | canSeeAll: true | where: {}
[2026-05-11T05:19:41.119Z] User: Admin User | Dept: admin | Desig: administrator | isRnD: false | where: {}
[2026-05-11T05:20:09.340Z] User: Admin User | Dept: admin | Desig: administrator | isRnD: false | where: {}
[2026-05-11T05:20:09.369Z] MRN Visibility - User: Admin User | Dept: admin | canSeeAll: true | where: {}
[2026-05-11T05:20:09.451Z] User: Admin User | Dept: admin | Desig: administrator | isRnD: false | where: {}
[2026-05-11T05:20:10.414Z] User: Admin User | Dept: admin | Desig: administrator | isRnD: false | where: {}
[2026-05-11T05:20:13.144Z] User: Admin User | Dept: admin | Desig: administrator | isRnD: false | where: {}
[2026-05-11T05:20:22.594Z] User: Mahadev Ambadi | Dept: quality | Desig: quality member (qc) | isRnD: false | where: {}
[2026-05-11T05:20:22.658Z] MRN Visibility - User: Mahadev Ambadi | Dept: quality | canSeeAll: false | where: {}
[2026-05-11T05:20:22.662Z] User: Mahadev Ambadi | Dept: quality | Desig: quality member (qc) | isRnD: false | where: {}
[2026-05-11T05:20:30.397Z] User: Alphin Philip | Dept: r&d | Desig: project lead | isRnD: true | where: {}
[2026-05-11T05:20:30.456Z] MRN Visibility - User: Alphin Philip | Dept: r&d | canSeeAll: true | where: {}
[2026-05-11T05:20:36.181Z] User: Nikitha Biju | Dept: o&m | Desig: o&m | isRnD: false | where: {}
[2026-05-11T05:20:44.912Z] User: Alex zion | Dept: purchase | Desig: purchase manager | isRnD: false | where: {}
[2026-05-11T05:20:44.987Z] MRN Visibility - User: Alex zion | Dept: purchase | canSeeAll: true | where: {}
[2026-05-11T05:20:52.977Z] User: Aiden Biju | Dept: purchase | Desig: purchase manager | isRnD: false | where: {}
[2026-05-11T05:20:52.992Z] MRN Visibility - User: Aiden Biju | Dept: purchase | canSeeAll: true | where: {}
[2026-05-11T05:20:59.624Z] User: Airene V | Dept: purchase | Desig: purchase officer | isRnD: false | where: {}
[2026-05-11T05:20:59.645Z] MRN Visibility - User: Airene V | Dept: purchase | canSeeAll: true | where: {}
[2026-05-11T05:21:06.477Z] User: Mahadev Ambadi | Dept: quality | Desig: quality member (qc) | isRnD: false | where: {}
[2026-05-11T05:21:06.535Z] MRN Visibility - User: Mahadev Ambadi | Dept: quality | canSeeAll: false | where: {}
[2026-05-11T05:21:06.551Z] User: Mahadev Ambadi | Dept: quality | Desig: quality member (qc) | isRnD: false | where: {}
[2026-05-11T05:21:23.973Z] User: Admin User | Dept: admin | Desig: administrator | isRnD: false | where: {}
[2026-05-11T05:21:24.056Z] User: Admin User | Dept: admin | Desig: administrator | isRnD: false | where: {}
[2026-05-11T05:21:24.067Z] MRN Visibility - User: Admin User | Dept: admin | canSeeAll: true | where: {}
[2026-05-11T06:31:52.873Z] User: Admin User | Dept: admin | Desig: administrator | isRnD: false | where: {}
[2026-05-11T06:31:53.651Z] User: Admin User | Dept: admin | Desig: administrator | isRnD: false | where: {}
[2026-05-11T06:32:29.496Z] User: Admin User | Dept: admin | Desig: administrator | isRnD: false | where: {}
[2026-05-11T06:32:30.507Z] User: Admin User | Dept: admin | Desig: administrator | isRnD: false | where: {}
[2026-05-11T06:32:33.056Z] User: Admin User | Dept: admin | Desig: administrator | isRnD: false | where: {}
[2026-05-11T06:32:34.233Z] User: Admin User | Dept: admin | Desig: administrator | isRnD: false | where: {}
[2026-05-11T06:33:23.615Z] User: Alphin Philip | Dept: r&d | Desig: project lead | isRnD: true | where: {}
[2026-05-11T06:33:23.700Z] MRN Visibility - User: Alphin Philip | Dept: r&d | canSeeAll: true | where: {}
[2026-05-11T06:33:31.077Z] User: Admin User | Dept: admin | Desig: administrator | isRnD: false | where: {}
[2026-05-11T06:33:31.155Z] MRN Visibility - User: Admin User | Dept: admin | canSeeAll: true | where: {}
[2026-05-11T06:33:31.202Z] User: Admin User | Dept: admin | Desig: administrator | isRnD: false | where: {}
[2026-05-11T06:33:57.244Z] User: Admin User | Dept: admin | Desig: administrator | isRnD: false | where: {}
[2026-05-11T06:33:57.352Z] User: Admin User | Dept: admin | Desig: administrator | isRnD: false | where: {}
[2026-05-11T06:33:57.363Z] MRN Visibility - User: Admin User | Dept: admin | canSeeAll: true | where: {}
[2026-05-11T06:34:10.284Z] User: Airene V | Dept: purchase | Desig: purchase officer | isRnD: false | where: {}
[2026-05-11T06:34:10.348Z] MRN Visibility - User: Airene V | Dept: purchase | canSeeAll: true | where: {}
[2026-05-11T06:34:19.720Z] User: Admin User | Dept: admin | Desig: administrator | isRnD: false | where: {}
[2026-05-11T06:34:19.795Z] User: Admin User | Dept: admin | Desig: administrator | isRnD: false | where: {}
[2026-05-11T06:34:19.806Z] MRN Visibility - User: Admin User | Dept: admin | canSeeAll: true | where: {}
[2026-05-11T06:34:44.647Z] User: Mahadev Ambadi | Dept: quality | Desig: quality member (qc) | isRnD: false | where: {}
[2026-05-11T06:34:44.723Z] MRN Visibility - User: Mahadev Ambadi | Dept: quality | canSeeAll: false | where: {}
[2026-05-11T06:34:44.726Z] User: Mahadev Ambadi | Dept: quality | Desig: quality member (qc) | isRnD: false | where: {}
[2026-05-11T06:34:55.282Z] User: Nikitha Biju | Dept: o&m | Desig: o&m | isRnD: false | where: {}
[2026-05-11T06:35:02.753Z] User: Admin User | Dept: admin | Desig: administrator | isRnD: false | where: {}
[2026-05-11T06:35:02.843Z] MRN Visibility - User: Admin User | Dept: admin | canSeeAll: true | where: {}
[2026-05-11T06:35:02.846Z] User: Admin User | Dept: admin | Desig: administrator | isRnD: false | where: {}
[2026-05-11T06:35:20.044Z] User: Ashik Tomy | Dept: r&d | Desig: r&d head | isRnD: true | where: {}
[2026-05-11T06:35:20.149Z] MRN Visibility - User: Ashik Tomy | Dept: r&d | canSeeAll: true | where: {}
[2026-05-11T06:35:25.778Z] User: Admin User | Dept: admin | Desig: administrator | isRnD: false | where: {}
[2026-05-11T06:35:25.858Z] MRN Visibility - User: Admin User | Dept: admin | canSeeAll: true | where: {}
[2026-05-11T06:35:25.908Z] User: Admin User | Dept: admin | Desig: administrator | isRnD: false | where: {}
[2026-05-11T06:35:59.493Z] User: Ashik Tomy | Dept: r&d | Desig: r&d head | isRnD: true | where: {}
[2026-05-11T06:35:59.581Z] MRN Visibility - User: Ashik Tomy | Dept: r&d | canSeeAll: true | where: {}
[2026-05-11T06:36:01.235Z] User: Ashik Tomy | Dept: r&d | Desig: r&d head | isRnD: true | where: {}
[2026-05-11T06:36:10.591Z] User: Admin User | Dept: admin | Desig: administrator | isRnD: false | where: {}
[2026-05-11T06:36:10.684Z] MRN Visibility - User: Admin User | Dept: admin | canSeeAll: true | where: {}
[2026-05-11T06:36:10.689Z] User: Admin User | Dept: admin | Desig: administrator | isRnD: false | where: {}
[2026-05-11T06:36:28.165Z] User: Ashik Tomy | Dept: r&d | Desig: r&d head | isRnD: true | where: {}
[2026-05-11T06:36:28.282Z] MRN Visibility - User: Ashik Tomy | Dept: r&d | canSeeAll: true | where: {}
[2026-05-11T06:36:29.775Z] User: Ashik Tomy | Dept: r&d | Desig: r&d head | isRnD: true | where: {}
[2026-05-11T06:36:40.360Z] User: Admin User | Dept: admin | Desig: administrator | isRnD: false | where: {}
[2026-05-11T06:36:40.484Z] MRN Visibility - User: Admin User | Dept: admin | canSeeAll: true | where: {}
[2026-05-11T06:36:40.531Z] User: Admin User | Dept: admin | Desig: administrator | isRnD: false | where: {}
[2026-05-11T06:38:29.188Z] User: Airene V | Dept: purchase | Desig: purchase officer | isRnD: false | where: {}
[2026-05-11T06:38:29.287Z] MRN Visibility - User: Airene V | Dept: purchase | canSeeAll: true | where: {}
[2026-05-11T06:38:36.652Z] User: Aiden Biju | Dept: purchase | Desig: purchase manager | isRnD: false | where: {}
[2026-05-11T06:38:36.669Z] MRN Visibility - User: Aiden Biju | Dept: purchase | canSeeAll: true | where: {}
[2026-05-11T06:38:43.432Z] User: Mahadev Ambadi | Dept: quality | Desig: quality member (qc) | isRnD: false | where: {}
[2026-05-11T06:38:43.487Z] MRN Visibility - User: Mahadev Ambadi | Dept: quality | canSeeAll: false | where: {}
[2026-05-11T06:38:43.490Z] User: Mahadev Ambadi | Dept: quality | Desig: quality member (qc) | isRnD: false | where: {}
[2026-05-11T06:38:49.451Z] User: Nikitha Biju | Dept: o&m | Desig: o&m | isRnD: false | where: {}
[2026-05-11T06:38:55.643Z] User: Ashik Tomy | Dept: r&d | Desig: r&d head | isRnD: true | where: {}
[2026-05-11T06:38:55.729Z] MRN Visibility - User: Ashik Tomy | Dept: r&d | canSeeAll: true | where: {}
[2026-05-11T06:39:00.372Z] User: Admin User | Dept: admin | Desig: administrator | isRnD: false | where: {}
[2026-05-11T06:39:00.390Z] MRN Visibility - User: Admin User | Dept: admin | canSeeAll: true | where: {}
[2026-05-11T06:39:00.456Z] User: Admin User | Dept: admin | Desig: administrator | isRnD: false | where: {}
[2026-05-11T06:39:27.354Z] User: Admin User | Dept: admin | Desig: administrator | isRnD: false | where: {}
[2026-05-11T06:39:27.420Z] MRN Visibility - User: Admin User | Dept: admin | canSeeAll: true | where: {}
[2026-05-11T06:39:27.460Z] User: Admin User | Dept: admin | Desig: administrator | isRnD: false | where: {}
[2026-05-11T06:40:12.159Z] User: Cimil Charly | Dept: quality | Desig: quality lead | isRnD: false | where: {}
[2026-05-11T06:40:12.231Z] MRN Visibility - User: Cimil Charly | Dept: quality | canSeeAll: false | where: {}
[2026-05-11T06:40:12.252Z] User: Cimil Charly | Dept: quality | Desig: quality lead | isRnD: false | where: {}
[2026-05-11T06:40:28.175Z] User: Admin User | Dept: admin | Desig: administrator | isRnD: false | where: {}
[2026-05-11T06:40:28.198Z] MRN Visibility - User: Admin User | Dept: admin | canSeeAll: true | where: {}
[2026-05-11T06:40:28.285Z] User: Admin User | Dept: admin | Desig: administrator | isRnD: false | where: {}
[2026-05-11T06:41:15.479Z] User: Cimil Charly | Dept: quality | Desig: quality lead | isRnD: false | where: {}
[2026-05-11T06:41:15.505Z] MRN Visibility - User: Cimil Charly | Dept: quality | canSeeAll: false | where: {}
[2026-05-11T06:41:15.564Z] User: Cimil Charly | Dept: quality | Desig: quality lead | isRnD: false | where: {}
[2026-05-11T06:42:05.633Z] User: Cimil Charly | Dept: quality | Desig: quality lead | isRnD: false | where: {}
[2026-05-11T06:42:05.644Z] MRN Visibility - User: Cimil Charly | Dept: quality | canSeeAll: false | where: {}
[2026-05-11T06:42:05.730Z] User: Cimil Charly | Dept: quality | Desig: quality lead | isRnD: false | where: {}
[2026-05-11T06:42:39.067Z] User: Admin User | Dept: admin | Desig: administrator | isRnD: false | where: {}
[2026-05-11T06:42:39.092Z] MRN Visibility - User: Admin User | Dept: admin | canSeeAll: true | where: {}
[2026-05-11T06:42:39.172Z] User: Admin User | Dept: admin | Desig: administrator | isRnD: false | where: {}
[2026-05-11T06:42:55.847Z] User: Cimil Charly | Dept: quality | Desig: quality lead | isRnD: false | where: {}
[2026-05-11T06:42:55.912Z] MRN Visibility - User: Cimil Charly | Dept: quality | canSeeAll: false | where: {}
[2026-05-11T06:42:55.934Z] User: Cimil Charly | Dept: quality | Desig: quality lead | isRnD: false | where: {}
[2026-05-11T06:43:07.089Z] User: Admin User | Dept: admin | Desig: administrator | isRnD: false | where: {}
[2026-05-11T06:43:07.174Z] MRN Visibility - User: Admin User | Dept: admin | canSeeAll: true | where: {}
[2026-05-11T06:43:07.177Z] User: Admin User | Dept: admin | Desig: administrator | isRnD: false | where: {}
[2026-05-11T06:46:34.181Z] User: Tom Holland | Dept: r&d | Desig: r&d head | isRnD: true | where: {}
[2026-05-11T06:46:34.216Z] MRN Visibility - User: Tom Holland | Dept: r&d | canSeeAll: true | where: {}
[2026-05-11T06:46:45.362Z] User: Admin User | Dept: admin | Desig: administrator | isRnD: false | where: {}
[2026-05-11T06:46:45.480Z] MRN Visibility - User: Admin User | Dept: admin | canSeeAll: true | where: {}
[2026-05-11T06:46:45.529Z] User: Admin User | Dept: admin | Desig: administrator | isRnD: false | where: {}
[2026-05-11T06:49:24.491Z] User: Tom Holland | Dept: r&d | Desig: r&d head | isRnD: true | where: {}
[2026-05-11T06:49:24.528Z] MRN Visibility - User: Tom Holland | Dept: r&d | canSeeAll: true | where: {}
[2026-05-11T06:49:35.142Z] User: Admin User | Dept: admin | Desig: administrator | isRnD: false | where: {}
[2026-05-11T06:49:35.241Z] MRN Visibility - User: Admin User | Dept: admin | canSeeAll: true | where: {}
[2026-05-11T06:49:35.319Z] User: Admin User | Dept: admin | Desig: administrator | isRnD: false | where: {}
[2026-05-11T06:49:57.441Z] User: Tom Holland | Dept: r&d | Desig: r&d head | isRnD: true | where: {}
[2026-05-11T06:49:57.464Z] MRN Visibility - User: Tom Holland | Dept: r&d | canSeeAll: true | where: {}
[2026-05-11T06:50:21.857Z] User: Admin User | Dept: admin | Desig: administrator | isRnD: false | where: {}
[2026-05-11T06:50:21.946Z] MRN Visibility - User: Admin User | Dept: admin | canSeeAll: true | where: {}
[2026-05-11T06:50:21.986Z] User: Admin User | Dept: admin | Desig: administrator | isRnD: false | where: {}
[2026-05-11T06:50:43.184Z] User: Tom Holland | Dept: r&d | Desig: r&d head | isRnD: true | where: {}
[2026-05-11T06:50:43.208Z] MRN Visibility - User: Tom Holland | Dept: r&d | canSeeAll: true | where: {}
[2026-05-11T06:50:50.665Z] User: Admin User | Dept: admin | Desig: administrator | isRnD: false | where: {}
[2026-05-11T06:50:50.759Z] MRN Visibility - User: Admin User | Dept: admin | canSeeAll: true | where: {}
[2026-05-11T06:50:50.763Z] User: Admin User | Dept: admin | Desig: administrator | isRnD: false | where: {}
[2026-05-11T06:52:02.177Z] User: Tom Cruise | Dept: quality | Desig: qa head | isRnD: false | where: {}
[2026-05-11T06:52:02.280Z] MRN Visibility - User: Tom Cruise | Dept: quality | canSeeAll: false | where: {}
[2026-05-11T06:52:02.312Z] User: Tom Cruise | Dept: quality | Desig: qa head | isRnD: false | where: {}
[2026-05-11T06:52:31.750Z] User: Admin User | Dept: admin | Desig: administrator | isRnD: false | where: {}
[2026-05-11T06:52:31.893Z] MRN Visibility - User: Admin User | Dept: admin | canSeeAll: true | where: {}
[2026-05-11T06:52:31.899Z] User: Admin User | Dept: admin | Desig: administrator | isRnD: false | where: {}
[2026-05-11T06:53:17.681Z] User: Admin User | Dept: admin | Desig: administrator | isRnD: false | where: {}
[2026-05-11T06:54:57.707Z] User: Admin User | Dept: admin | Desig: administrator | isRnD: false | where: {}
[2026-05-11T06:55:07.633Z] User: Admin User | Dept: admin | Desig: administrator | isRnD: false | where: {}
[2026-05-11T06:55:32.501Z] User: Admin User | Dept: admin | Desig: administrator | isRnD: false | where: {}
[2026-05-11T06:59:33.093Z] User: Ashik Tomy | Dept: r&d | Desig: r&d head | isRnD: true | where: {}
[2026-05-11T06:59:33.223Z] MRN Visibility - User: Ashik Tomy | Dept: r&d | canSeeAll: true | where: {}
[2026-05-11T06:59:38.702Z] User: Admin User | Dept: admin | Desig: administrator | isRnD: false | where: {}
[2026-05-11T06:59:38.722Z] MRN Visibility - User: Admin User | Dept: admin | canSeeAll: true | where: {}
[2026-05-11T06:59:38.852Z] User: Admin User | Dept: admin | Desig: administrator | isRnD: false | where: {}
[2026-05-11T06:59:52.081Z] User: Admin User | Dept: admin | Desig: administrator | isRnD: false | where: {}
[2026-05-11T06:59:52.168Z] MRN Visibility - User: Admin User | Dept: admin | canSeeAll: true | where: {}
[2026-05-11T06:59:52.193Z] User: Admin User | Dept: admin | Desig: administrator | isRnD: false | where: {}
[2026-05-11T07:00:13.208Z] User: Cimil Charly | Dept: quality | Desig: quality lead | isRnD: false | where: {}
[2026-05-11T07:00:13.336Z] MRN Visibility - User: Cimil Charly | Dept: quality | canSeeAll: false | where: {}
[2026-05-11T07:00:13.341Z] User: Cimil Charly | Dept: quality | Desig: quality lead | isRnD: false | where: {}
[2026-05-11T07:00:28.503Z] User: Admin User | Dept: admin | Desig: administrator | isRnD: false | where: {}
[2026-05-11T07:00:28.640Z] MRN Visibility - User: Admin User | Dept: admin | canSeeAll: true | where: {}
[2026-05-11T07:00:28.649Z] User: Admin User | Dept: admin | Desig: administrator | isRnD: false | where: {}
[2026-05-11T07:16:52.182Z] User: Admin User | Dept: admin | Desig: administrator | isRnD: false | where: {}
[2026-05-11T07:16:52.294Z] MRN Visibility - User: Admin User | Dept: admin | canSeeAll: true | where: {}
[2026-05-11T07:16:52.641Z] User: Admin User | Dept: admin | Desig: administrator | isRnD: false | where: {}
[2026-05-11T07:17:09.158Z] User: Ashik Tomy | Dept: r&d | Desig: r&d head | isRnD: true | where: {}
[2026-05-11T07:17:09.396Z] MRN Visibility - User: Ashik Tomy | Dept: r&d | canSeeAll: true | where: {}
[2026-05-11T07:17:15.239Z] User: Admin User | Dept: admin | Desig: administrator | isRnD: false | where: {}
[2026-05-11T07:17:15.291Z] MRN Visibility - User: Admin User | Dept: admin | canSeeAll: true | where: {}
[2026-05-11T07:17:15.538Z] User: Admin User | Dept: admin | Desig: administrator | isRnD: false | where: {}
[2026-05-11T07:17:32.562Z] User: Ashik Tomy | Dept: r&d | Desig: r&d head | isRnD: true | where: {}
[2026-05-11T07:17:32.718Z] MRN Visibility - User: Ashik Tomy | Dept: r&d | canSeeAll: true | where: {}
[2026-05-11T07:17:45.528Z] User: Admin User | Dept: admin | Desig: administrator | isRnD: false | where: {}
[2026-05-11T07:17:45.695Z] MRN Visibility - User: Admin User | Dept: admin | canSeeAll: true | where: {}
[2026-05-11T07:17:45.942Z] User: Admin User | Dept: admin | Desig: administrator | isRnD: false | where: {}
[2026-05-11T07:23:37.002Z] User: Admin User | Dept: admin | Desig: administrator | isRnD: false | where: {}
[2026-05-11T07:24:39.512Z] User: Alphin Philip | Dept: r&d | Desig: project lead | isRnD: true | where: {}
[2026-05-11T07:24:39.721Z] MRN Visibility - User: Alphin Philip | Dept: r&d | canSeeAll: true | where: {}
[2026-05-11T07:25:15.927Z] User: Admin User | Dept: admin | Desig: administrator | isRnD: false | where: {}
[2026-05-11T07:25:16.132Z] MRN Visibility - User: Admin User | Dept: admin | canSeeAll: true | where: {}
[2026-05-11T07:25:16.185Z] User: Admin User | Dept: admin | Desig: administrator | isRnD: false | where: {}
[2026-05-11T07:26:14.529Z] User: Ashik Tomy | Dept: r&d | Desig: r&d head | isRnD: true | where: {}
[2026-05-11T07:26:14.743Z] MRN Visibility - User: Ashik Tomy | Dept: r&d | canSeeAll: true | where: {}
[2026-05-11T07:26:32.068Z] User: Admin User | Dept: admin | Desig: administrator | isRnD: false | where: {}
[2026-05-11T07:26:32.151Z] MRN Visibility - User: Admin User | Dept: admin | canSeeAll: true | where: {}
[2026-05-11T07:26:32.381Z] User: Admin User | Dept: admin | Desig: administrator | isRnD: false | where: {}
[2026-05-11T07:26:59.905Z] User: Airene V | Dept: purchase | Desig: purchase officer | isRnD: false | where: {}
[2026-05-11T07:27:00.098Z] MRN Visibility - User: Airene V | Dept: purchase | canSeeAll: true | where: {}
[2026-05-11T07:27:49.207Z] User: Admin User | Dept: admin | Desig: administrator | isRnD: false | where: {}
[2026-05-11T07:27:49.394Z] MRN Visibility - User: Admin User | Dept: admin | canSeeAll: true | where: {}
[2026-05-11T07:27:49.400Z] User: Admin User | Dept: admin | Desig: administrator | isRnD: false | where: {}
[2026-05-11T07:28:11.670Z] User: Alex zion | Dept: purchase | Desig: purchase manager | isRnD: false | where: {}
[2026-05-11T07:28:11.843Z] MRN Visibility - User: Alex zion | Dept: purchase | canSeeAll: true | where: {}
[2026-05-11T07:28:15.281Z] User: Alex zion | Dept: purchase | Desig: purchase manager | isRnD: false | where: {}
[2026-05-11T07:28:16.022Z] User: Alex zion | Dept: purchase | Desig: purchase manager | isRnD: false | where: {}
[2026-05-11T07:28:26.986Z] User: Admin User | Dept: admin | Desig: administrator | isRnD: false | where: {}
[2026-05-11T07:28:27.082Z] MRN Visibility - User: Admin User | Dept: admin | canSeeAll: true | where: {}
[2026-05-11T07:28:27.288Z] User: Admin User | Dept: admin | Desig: administrator | isRnD: false | where: {}
[2026-05-11T07:28:52.490Z] User: John thomas | Dept: store | Desig: storekeeper | isRnD: false | where: {}
[2026-05-11T07:28:52.672Z] MRN Visibility - User: John thomas | Dept: store | canSeeAll: true | where: {}
[2026-05-11T07:29:31.818Z] User: Admin User | Dept: admin | Desig: administrator | isRnD: false | where: {}
[2026-05-11T07:29:32.047Z] MRN Visibility - User: Admin User | Dept: admin | canSeeAll: true | where: {}
[2026-05-11T07:29:32.055Z] User: Admin User | Dept: admin | Desig: administrator | isRnD: false | where: {}
[2026-05-11T07:32:02.512Z] MRN Visibility - User: Admin User | Dept: admin | canSeeAll: true | where: {}
[2026-05-11T07:33:00.268Z] User: appu | Dept: r&d | Desig: r&d head | isRnD: true | where: {}
[2026-05-11T07:33:00.338Z] MRN Visibility - User: appu | Dept: r&d | canSeeAll: true | where: {}
[2026-05-11T07:33:25.272Z] User: Admin User | Dept: admin | Desig: administrator | isRnD: false | where: {}
[2026-05-11T07:33:25.382Z] MRN Visibility - User: Admin User | Dept: admin | canSeeAll: true | where: {}
[2026-05-11T07:33:25.631Z] User: Admin User | Dept: admin | Desig: administrator | isRnD: false | where: {}
[2026-05-11T07:33:53.337Z] User: appu | Dept: r&d | Desig: project lead | isRnD: true | where: {}
[2026-05-11T07:33:53.397Z] MRN Visibility - User: appu | Dept: r&d | canSeeAll: true | where: {}
[2026-05-11T07:34:02.446Z] User: Admin User | Dept: admin | Desig: administrator | isRnD: false | where: {}
[2026-05-11T07:34:02.498Z] MRN Visibility - User: Admin User | Dept: admin | canSeeAll: true | where: {}
[2026-05-11T07:34:02.714Z] User: Admin User | Dept: admin | Desig: administrator | isRnD: false | where: {}
[2026-05-11T07:34:19.835Z] User: Admin User | Dept: admin | Desig: administrator | isRnD: false | where: {}
[2026-05-11T07:34:20.016Z] MRN Visibility - User: Admin User | Dept: admin | canSeeAll: true | where: {}
[2026-05-11T07:34:20.130Z] User: Admin User | Dept: admin | Desig: administrator | isRnD: false | where: {}
[2026-05-11T07:35:05.758Z] User: appu | Dept: quality | Desig: qa | isRnD: false | where: {}
[2026-05-11T07:35:05.803Z] MRN Visibility - User: appu | Dept: quality | canSeeAll: false | where: {}
[2026-05-11T07:35:05.946Z] User: appu | Dept: quality | Desig: qa | isRnD: false | where: {}
[2026-05-11T07:35:28.846Z] User: Admin User | Dept: admin | Desig: administrator | isRnD: false | where: {}
[2026-05-11T07:35:29.023Z] MRN Visibility - User: Admin User | Dept: admin | canSeeAll: true | where: {}
[2026-05-11T07:35:29.031Z] User: Admin User | Dept: admin | Desig: administrator | isRnD: false | where: {}
[2026-05-11T07:35:58.706Z] User: appu | Dept: production | Desig: production | isRnD: true | where: {}
[2026-05-11T07:35:58.766Z] MRN Visibility - User: appu | Dept: production | canSeeAll: true | where: {}
[2026-05-11T07:36:23.052Z] User: Admin User | Dept: admin | Desig: administrator | isRnD: false | where: {}
[2026-05-11T07:36:23.296Z] User: Admin User | Dept: admin | Desig: administrator | isRnD: false | where: {}
[2026-05-11T07:36:23.308Z] MRN Visibility - User: Admin User | Dept: admin | canSeeAll: true | where: {}
[2026-05-11T07:36:43.306Z] User: appu | Dept: store | Desig: storekeeper | isRnD: false | where: {}
[2026-05-11T07:36:43.519Z] MRN Visibility - User: appu | Dept: store | canSeeAll: true | where: {}
[2026-05-11T07:37:00.283Z] User: Admin User | Dept: admin | Desig: administrator | isRnD: false | where: {}
[2026-05-11T07:37:00.387Z] MRN Visibility - User: Admin User | Dept: admin | canSeeAll: true | where: {}
[2026-05-11T07:37:00.606Z] User: Admin User | Dept: admin | Desig: administrator | isRnD: false | where: {}
[2026-05-11T07:37:01.461Z] User: Admin User | Dept: admin | Desig: administrator | isRnD: false | where: {}
[2026-05-11T07:37:16.839Z] User: Admin User | Dept: admin | Desig: administrator | isRnD: false | where: {}
[2026-05-11T07:37:29.836Z] User: Admin User | Dept: admin | Desig: administrator | isRnD: false | where: {}
[2026-05-11T07:37:30.330Z] User: Admin User | Dept: admin | Desig: administrator | isRnD: false | where: {}
[2026-05-11T07:37:39.969Z] User: Admin User | Dept: admin | Desig: administrator | isRnD: false | where: {}
[2026-05-11T07:37:43.612Z] User: Admin User | Dept: admin | Desig: administrator | isRnD: false | where: {}
[2026-05-11T07:37:51.089Z] User: Admin User | Dept: admin | Desig: administrator | isRnD: false | where: {}
[2026-05-11T07:38:47.881Z] User: Admin User | Dept: admin | Desig: administrator | isRnD: false | where: {}
[2026-05-11T07:39:46.865Z] User: Admin User | Dept: admin | Desig: administrator | isRnD: false | where: {}
[2026-05-11T07:40:12.572Z] User: Admin User | Dept: admin | Desig: administrator | isRnD: false | where: {}
[2026-05-11T07:40:57.282Z] User: Admin User | Dept: admin | Desig: administrator | isRnD: false | where: {}
[2026-05-11T07:42:09.539Z] User: Admin User | Dept: admin | Desig: administrator | isRnD: false | where: {}
[2026-05-11T07:42:45.839Z] MRN Visibility - User: Admin User | Dept: admin | canSeeAll: true | where: {}
[2026-05-11T07:42:50.841Z] MRN Visibility - User: Admin User | Dept: admin | canSeeAll: true | where: {}
[2026-05-11T07:43:08.902Z] User: Admin User | Dept: admin | Desig: administrator | isRnD: false | where: {}
[2026-05-11T07:43:08.988Z] MRN Visibility - User: Admin User | Dept: admin | canSeeAll: true | where: {}
[2026-05-11T07:43:09.190Z] User: Admin User | Dept: admin | Desig: administrator | isRnD: false | where: {}
[2026-05-11T08:58:02.231Z] User: Admin User | Dept: admin | Desig: administrator | isRnD: false | where: {}
[2026-05-11T08:58:02.321Z] MRN Visibility - User: Admin User | Dept: admin | canSeeAll: true | where: {}
[2026-05-11T08:58:04.307Z] User: Admin User | Dept: admin | Desig: administrator | isRnD: false | where: {}
[2026-05-11T09:02:24.102Z] User: Admin User | Dept: admin | Desig: administrator | isRnD: false | where: {}
[2026-05-11T09:02:24.211Z] MRN Visibility - User: Admin User | Dept: admin | canSeeAll: true | where: {}
[2026-05-11T09:02:24.521Z] User: Admin User | Dept: admin | Desig: administrator | isRnD: false | where: {}
[2026-05-11T09:02:28.749Z] User: Admin User | Dept: admin | Desig: administrator | isRnD: false | where: {}
[2026-05-11T09:02:28.935Z] MRN Visibility - User: Admin User | Dept: admin | canSeeAll: true | where: {}
[2026-05-11T09:02:29.032Z] User: Admin User | Dept: admin | Desig: administrator | isRnD: false | where: {}
[2026-05-11T09:02:29.173Z] MRN Visibility - User: Admin User | Dept: admin | canSeeAll: true | where: {}
[2026-05-11T09:02:29.223Z] User: Admin User | Dept: admin | Desig: administrator | isRnD: false | where: {}
[2026-05-11T09:02:45.524Z] MRN Visibility - User: Admin User | Dept: admin | canSeeAll: true | where: {}
[2026-05-11T09:16:42.895Z] MRN Visibility - User: Admin User | Dept: admin | canSeeAll: true | where: {}
[2026-05-11T09:17:02.728Z] MRN Visibility - User: Admin User | Dept: admin | canSeeAll: true | where: {}
[2026-05-11T09:17:47.985Z] MRN Visibility - User: Admin User | Dept: admin | canSeeAll: true | where: {}
[2026-05-11T09:32:45.586Z] MRN Visibility - User: Admin User | Dept: admin | canSeeAll: true | where: {}
[2026-05-11T09:49:05.239Z] MRN Visibility - User: Admin User | Dept: admin | canSeeAll: true | where: {}
[2026-05-11T10:10:36.901Z] User: Admin User | Dept: admin | Desig: administrator | isRnD: false | where: {}
[2026-05-11T10:10:36.936Z] MRN Visibility - User: Admin User | Dept: admin | canSeeAll: true | where: {}
[2026-05-11T10:10:37.100Z] User: Admin User | Dept: admin | Desig: administrator | isRnD: false | where: {}
[2026-05-11T10:13:00.858Z] User: Admin User | Dept: admin | Desig: administrator | isRnD: false | where: {}
[2026-05-11T10:13:00.903Z] MRN Visibility - User: Admin User | Dept: admin | canSeeAll: true | where: {}
[2026-05-11T10:13:01.056Z] User: Admin User | Dept: admin | Desig: administrator | isRnD: false | where: {}
[2026-05-11T10:13:02.431Z] User: Admin User | Dept: admin | Desig: administrator | isRnD: false | where: {}
[2026-05-11T10:13:02.521Z] MRN Visibility - User: Admin User | Dept: admin | canSeeAll: true | where: {}
[2026-05-11T10:13:02.585Z] User: Admin User | Dept: admin | Desig: administrator | isRnD: false | where: {}
[2026-05-11T10:13:02.596Z] User: Admin User | Dept: admin | Desig: administrator | isRnD: false | where: {}
[2026-05-11T10:13:02.666Z] MRN Visibility - User: Admin User | Dept: admin | canSeeAll: true | where: {}
[2026-05-11T10:13:02.777Z] User: Admin User | Dept: admin | Desig: administrator | isRnD: false | where: {}
[2026-05-11T10:13:02.876Z] MRN Visibility - User: Admin User | Dept: admin | canSeeAll: true | where: {}
[2026-05-11T10:13:02.883Z] User: Admin User | Dept: admin | Desig: administrator | isRnD: false | where: {}
[2026-05-11T10:13:02.991Z] User: Admin User | Dept: admin | Desig: administrator | isRnD: false | where: {}
[2026-05-11T10:13:03.060Z] MRN Visibility - User: Admin User | Dept: admin | canSeeAll: true | where: {}
[2026-05-11T10:13:03.101Z] User: Admin User | Dept: admin | Desig: administrator | isRnD: false | where: {}
[2026-05-11T10:17:16.415Z] User: undefined | Dept: admin | Desig:  | isRnD: false | where: {}
[2026-05-11T10:18:22.613Z] User: Admin User | Dept: admin | Desig: administrator | isRnD: false | where: {}
[2026-05-11T10:18:22.641Z] MRN Visibility - User: Admin User | Dept: admin | canSeeAll: true | where: {}
[2026-05-11T10:18:22.731Z] User: Admin User | Dept: admin | Desig: administrator | isRnD: false | where: {}
[2026-05-11T10:18:42.379Z] User: undefined | Dept: admin | Desig:  | isRnD: false | where: {}
[2026-05-11T10:19:04.270Z] User: Admin User | Dept: admin | Desig: administrator | isRnD: false | where: {}
[2026-05-11T10:19:04.295Z] MRN Visibility - User: Admin User | Dept: admin | canSeeAll: true | where: {}
[2026-05-11T10:19:04.375Z] User: Admin User | Dept: admin | Desig: administrator | isRnD: false | where: {}
[2026-05-11T10:19:04.460Z] User: Admin User | Dept: admin | Desig: administrator | isRnD: false | where: {}
[2026-05-11T10:19:04.539Z] MRN Visibility - User: Admin User | Dept: admin | canSeeAll: true | where: {}
[2026-05-11T10:19:04.561Z] User: Admin User | Dept: admin | Desig: administrator | isRnD: false | where: {}
[2026-05-11T10:19:04.650Z] User: Admin User | Dept: admin | Desig: administrator | isRnD: false | where: {}
[2026-05-11T10:19:04.721Z] MRN Visibility - User: Admin User | Dept: admin | canSeeAll: true | where: {}
[2026-05-11T10:19:04.759Z] User: Admin User | Dept: admin | Desig: administrator | isRnD: false | where: {}
[2026-05-11T10:19:04.850Z] User: Admin User | Dept: admin | Desig: administrator | isRnD: false | where: {}
[2026-05-11T10:19:04.870Z] MRN Visibility - User: Admin User | Dept: admin | canSeeAll: true | where: {}
[2026-05-11T10:19:04.945Z] User: Admin User | Dept: admin | Desig: administrator | isRnD: false | where: {}
[2026-05-11T10:19:05.039Z] User: Admin User | Dept: admin | Desig: administrator | isRnD: false | where: {}
[2026-05-11T10:19:05.098Z] MRN Visibility - User: Admin User | Dept: admin | canSeeAll: true | where: {}
[2026-05-11T10:19:05.143Z] User: Admin User | Dept: admin | Desig: administrator | isRnD: false | where: {}
[2026-05-11T10:19:05.233Z] User: Admin User | Dept: admin | Desig: administrator | isRnD: false | where: {}
[2026-05-11T10:19:05.290Z] MRN Visibility - User: Admin User | Dept: admin | canSeeAll: true | where: {}
[2026-05-11T10:19:05.328Z] User: Admin User | Dept: admin | Desig: administrator | isRnD: false | where: {}
[2026-05-11T10:19:05.429Z] User: Admin User | Dept: admin | Desig: administrator | isRnD: false | where: {}
[2026-05-11T10:19:05.446Z] MRN Visibility - User: Admin User | Dept: admin | canSeeAll: true | where: {}
[2026-05-11T10:19:05.517Z] User: Admin User | Dept: admin | Desig: administrator | isRnD: false | where: {}
[2026-05-11T10:19:05.646Z] User: Admin User | Dept: admin | Desig: administrator | isRnD: false | where: {}
[2026-05-11T10:19:05.662Z] MRN Visibility - User: Admin User | Dept: admin | canSeeAll: true | where: {}
[2026-05-11T10:19:05.730Z] User: Admin User | Dept: admin | Desig: administrator | isRnD: false | where: {}
[2026-05-11T10:19:05.824Z] User: Admin User | Dept: admin | Desig: administrator | isRnD: false | where: {}
[2026-05-11T10:19:05.846Z] MRN Visibility - User: Admin User | Dept: admin | canSeeAll: true | where: {}
[2026-05-11T10:19:05.918Z] User: Admin User | Dept: admin | Desig: administrator | isRnD: false | where: {}
[2026-05-11T10:19:06.033Z] User: Admin User | Dept: admin | Desig: administrator | isRnD: false | where: {}
[2026-05-11T10:19:06.051Z] MRN Visibility - User: Admin User | Dept: admin | canSeeAll: true | where: {}
[2026-05-11T10:19:06.125Z] User: Admin User | Dept: admin | Desig: administrator | isRnD: false | where: {}
[2026-05-11T10:19:16.532Z] User: Admin User | Dept: admin | Desig: administrator | isRnD: false | where: {}
[2026-05-11T10:19:16.556Z] MRN Visibility - User: Admin User | Dept: admin | canSeeAll: true | where: {}
[2026-05-11T10:19:16.623Z] User: Admin User | Dept: admin | Desig: administrator | isRnD: false | where: {}
[2026-05-11T10:19:37.533Z] User: John thomas | Dept: store | Desig: storekeeper | isRnD: false | where: {}
[2026-05-11T10:19:37.636Z] MRN Visibility - User: John thomas | Dept: store | canSeeAll: true | where: {}
[2026-05-11T10:19:49.848Z] MRN Visibility - User: John thomas | Dept: store | canSeeAll: true | where: {}
[2026-05-11T10:19:54.705Z] MRN Visibility - User: John thomas | Dept: store | canSeeAll: true | where: {}
[2026-05-11T10:20:02.412Z] MRN Visibility - User: John thomas | Dept: store | canSeeAll: true | where: {}
[2026-05-11T10:20:10.485Z] User: Alphin Philip | Dept: r&d | Desig: project lead | isRnD: true | where: {}
[2026-05-11T10:20:10.549Z] MRN Visibility - User: Alphin Philip | Dept: r&d | canSeeAll: true | where: {}
[2026-05-11T10:20:12.559Z] MRN Visibility - User: Alphin Philip | Dept: r&d | canSeeAll: true | where: {}
[2026-05-11T10:20:21.250Z] MRN Visibility - User: Alphin Philip | Dept: r&d | canSeeAll: true | where: {}
[2026-05-11T10:20:31.538Z] User: Admin User | Dept: admin | Desig: administrator | isRnD: false | where: {}
[2026-05-11T10:20:31.567Z] MRN Visibility - User: Admin User | Dept: admin | canSeeAll: true | where: {}
[2026-05-11T10:20:31.696Z] User: Admin User | Dept: admin | Desig: administrator | isRnD: false | where: {}
[2026-05-11T11:16:03.989Z] User: Admin User | Dept: admin | Desig: administrator | isRnD: false | where: {}
[2026-05-11T11:16:07.039Z] User: Admin User | Dept: admin | Desig: administrator | isRnD: false | where: {}
[2026-05-11T11:25:11.922Z] User: Admin User | Dept: admin | Desig: administrator | isRnD: false | where: {}
[2026-05-11T11:25:15.849Z] User: Admin User | Dept: admin | Desig: administrator | isRnD: false | where: {}
[2026-05-11T11:25:32.602Z] User: Admin User | Dept: admin | Desig: administrator | isRnD: false | where: {}
[2026-05-11T11:30:07.299Z] User: Admin User | Dept: admin | Desig: administrator | isRnD: false | where: {}
[2026-05-11T11:31:42.868Z] User: Admin User | Dept: admin | Desig: administrator | isRnD: false | where: {}
[2026-05-11T11:34:13.577Z] User: Admin User | Dept: admin | Desig: administrator | isRnD: false | where: {}
[2026-05-11T11:35:04.288Z] User: Admin User | Dept: admin | Desig: administrator | isRnD: false | where: {}
[2026-05-11T11:35:11.730Z] User: Admin User | Dept: admin | Desig: administrator | isRnD: false | where: {}
[2026-05-11T11:35:17.366Z] User: Admin User | Dept: admin | Desig: administrator | isRnD: false | where: {}
[2026-05-11T11:36:26.449Z] User: Admin User | Dept: admin | Desig: administrator | isRnD: false | where: {}
[2026-05-11T11:36:29.615Z] User: Admin User | Dept: admin | Desig: administrator | isRnD: false | where: {}
[2026-05-11T11:36:32.790Z] User: Admin User | Dept: admin | Desig: administrator | isRnD: false | where: {}
[2026-05-11T11:36:47.496Z] User: Admin User | Dept: admin | Desig: administrator | isRnD: false | where: {}
[2026-05-11T11:36:52.879Z] User: Admin User | Dept: admin | Desig: administrator | isRnD: false | where: {}
[2026-05-11T11:36:59.947Z] User: Admin User | Dept: admin | Desig: administrator | isRnD: false | where: {}
[2026-05-11T11:37:08.704Z] User: Admin User | Dept: admin | Desig: administrator | isRnD: false | where: {}
[2026-05-11T11:37:15.102Z] User: Admin User | Dept: admin | Desig: administrator | isRnD: false | where: {}
[2026-05-11T11:40:16.642Z] User: Admin User | Dept: admin | Desig: administrator | isRnD: false | where: {}
[2026-05-11T11:57:05.665Z] User: Admin User | Dept: admin | Desig: administrator | isRnD: false | where: {}
[2026-05-11T12:00:42.741Z] User: Admin User | Dept: admin | Desig: administrator | isRnD: false | where: {}
[2026-05-11T12:02:55.560Z] User: Admin User | Dept: admin | Desig: administrator | isRnD: false | where: {}
[2026-05-11T12:03:01.586Z] User: Admin User | Dept: admin | Desig: administrator | isRnD: false | where: {}
[2026-05-11T12:04:36.931Z] User: Admin User | Dept: admin | Desig: administrator | isRnD: false | where: {}
[2026-05-12T04:24:22.545Z] User: Admin User | Dept: admin | Desig: administrator | isRnD: false | where: {}
[2026-05-12T04:24:22.760Z] MRN Visibility - User: Admin User | Dept: admin | canSeeAll: true | where: {}
[2026-05-12T04:24:22.764Z] User: Admin User | Dept: admin | Desig: administrator | isRnD: false | where: {}
[2026-05-12T04:24:37.342Z] User: Admin User | Dept: admin | Desig: administrator | isRnD: false | where: {}
[2026-05-12T04:35:40.905Z] User: Admin User | Dept: admin | Desig: administrator | isRnD: false | where: {}
[2026-05-12T04:36:30.110Z] User: Admin User | Dept: admin | Desig: administrator | isRnD: false | where: {}
[2026-05-12T04:36:31.049Z] User: Admin User | Dept: admin | Desig: administrator | isRnD: false | where: {}
[2026-05-12T06:05:13.399Z] User: Admin User | Dept: admin | Desig: administrator | isRnD: false | where: {}
[2026-05-12T06:06:16.427Z] User: Admin User | Dept: admin | Desig: administrator | isRnD: false | where: {}
[2026-05-12T06:06:28.126Z] User: Admin User | Dept: admin | Desig: administrator | isRnD: false | where: {}
[2026-05-12T09:06:54.119Z] User: Admin User | Dept: admin | Desig: administrator | isRnD: false | where: {}
[2026-05-12T09:06:54.294Z] MRN Visibility - User: Admin User | Dept: admin | canSeeAll: true | where: {}
[2026-05-12T09:06:54.297Z] User: Admin User | Dept: admin | Desig: administrator | isRnD: false | where: {}
[2026-05-12T09:07:02.048Z] User: Admin User | Dept: admin | Desig: administrator | isRnD: false | where: {}
[2026-05-12T10:43:48.435Z] User: Admin User | Dept: admin | Desig: administrator | isRnD: false | where: {}
[2026-05-12T10:44:21.319Z] User: Admin User | Dept: admin | Desig: administrator | isRnD: false | where: {}
[2026-05-12T10:44:29.914Z] User: Admin User | Dept: admin | Desig: administrator | isRnD: false | where: {}
[2026-05-12T10:44:36.135Z] User: Admin User | Dept: admin | Desig: administrator | isRnD: false | where: {}
[2026-05-12T10:44:48.471Z] User: Admin User | Dept: admin | Desig: administrator | isRnD: false | where: {}
[2026-05-12T10:45:34.333Z] User: Admin User | Dept: admin | Desig: administrator | isRnD: false | where: {}
[2026-05-12T10:45:44.295Z] User: Admin User | Dept: admin | Desig: administrator | isRnD: false | where: {}
[2026-05-12T10:49:47.400Z] User: Admin User | Dept: admin | Desig: administrator | isRnD: false | where: {}
[2026-05-12T10:49:52.746Z] User: Admin User | Dept: admin | Desig: administrator | isRnD: false | where: {}
[2026-05-12T10:54:02.355Z] User: Admin User | Dept: admin | Desig: administrator | isRnD: false | where: {}
[2026-05-12T10:55:53.629Z] User: Admin User | Dept: admin | Desig: administrator | isRnD: false | where: {}
[2026-05-12T10:55:55.398Z] User: Admin User | Dept: admin | Desig: administrator | isRnD: false | where: {}
[2026-05-12T10:56:10.341Z] User: Admin User | Dept: admin | Desig: administrator | isRnD: false | where: {}
[2026-05-12T10:56:18.911Z] User: Admin User | Dept: admin | Desig: administrator | isRnD: false | where: {}
[2026-05-12T10:56:23.969Z] User: Admin User | Dept: admin | Desig: administrator | isRnD: false | where: {}
[2026-05-12T10:56:54.757Z] User: Admin User | Dept: admin | Desig: administrator | isRnD: false | where: {}
[2026-05-12T10:59:35.112Z] User: Admin User | Dept: admin | Desig: administrator | isRnD: false | where: {}
[2026-05-12T10:59:35.276Z] MRN Visibility - User: Admin User | Dept: admin | canSeeAll: true | where: {}
[2026-05-12T10:59:35.343Z] User: Admin User | Dept: admin | Desig: administrator | isRnD: false | where: {}
[2026-05-12T10:59:53.235Z] User: Admin User | Dept: admin | Desig: administrator | isRnD: false | where: {}
[2026-05-12T10:59:58.845Z] User: Admin User | Dept: admin | Desig: administrator | isRnD: false | where: {}
[2026-05-12T10:59:59.056Z] User: Admin User | Dept: admin | Desig: administrator | isRnD: false | where: {}
[2026-05-12T10:59:59.170Z] MRN Visibility - User: Admin User | Dept: admin | canSeeAll: true | where: {}
[2026-05-12T11:01:04.440Z] User: Admin User | Dept: admin | Desig: administrator | isRnD: false | where: {}
[2026-05-12T11:01:35.360Z] User: Admin User | Dept: admin | Desig: administrator | isRnD: false | where: {}
[2026-05-12T11:01:42.317Z] User: Admin User | Dept: admin | Desig: administrator | isRnD: false | where: {}
[2026-05-12T11:01:59.428Z] User: Admin User | Dept: admin | Desig: administrator | isRnD: false | where: {}
[2026-05-12T11:02:04.329Z] User: Admin User | Dept: admin | Desig: administrator | isRnD: false | where: {}
[2026-05-12T11:02:09.326Z] User: Admin User | Dept: admin | Desig: administrator | isRnD: false | where: {}
[2026-05-12T11:02:48.314Z] User: Admin User | Dept: admin | Desig: administrator | isRnD: false | where: {}
[2026-05-12T11:09:19.465Z] MRN Visibility - User: Admin User | Dept: admin | canSeeAll: true | where: {}
[2026-05-12T11:10:55.539Z] MRN Visibility - User: Admin User | Dept: admin | canSeeAll: true | where: {}
[2026-05-12T11:11:14.051Z] MRN Visibility - User: Admin User | Dept: admin | canSeeAll: true | where: {}
[2026-05-12T11:11:23.312Z] MRN Visibility - User: Admin User | Dept: admin | canSeeAll: true | where: {}
[2026-05-12T11:12:08.537Z] MRN Visibility - User: Admin User | Dept: admin | canSeeAll: true | where: {}
[2026-05-12T11:12:28.080Z] MRN Visibility - User: Admin User | Dept: admin | canSeeAll: true | where: {}
[2026-05-12T11:12:39.710Z] MRN Visibility - User: Admin User | Dept: admin | canSeeAll: true | where: {}
[2026-05-12T11:12:49.800Z] User: Admin User | Dept: admin | Desig: administrator | isRnD: false | where: {}
[2026-05-12T11:12:50.108Z] MRN Visibility - User: Admin User | Dept: admin | canSeeAll: true | where: {}
[2026-05-12T11:12:50.116Z] User: Admin User | Dept: admin | Desig: administrator | isRnD: false | where: {}
[2026-05-12T11:13:18.236Z] MRN Visibility - User: Admin User | Dept: admin | canSeeAll: true | where: {}
[2026-05-12T11:13:30.407Z] User: Ashik Tomy | Dept: r&d | Desig: r&d head | isRnD: true | where: {}
[2026-05-12T11:13:30.573Z] MRN Visibility - User: Ashik Tomy | Dept: r&d | canSeeAll: true | where: {}
[2026-05-12T11:13:32.616Z] MRN Visibility - User: Ashik Tomy | Dept: r&d | canSeeAll: true | where: {}
[2026-05-12T11:13:50.746Z] MRN Visibility - User: Ashik Tomy | Dept: r&d | canSeeAll: true | where: {}
[2026-05-12T11:14:00.626Z] MRN Visibility - User: Ashik Tomy | Dept: r&d | canSeeAll: true | where: {}
[2026-05-12T11:14:36.704Z] MRN Visibility - User: Ashik Tomy | Dept: r&d | canSeeAll: true | where: {}
[2026-05-12T11:14:52.707Z] MRN Visibility - User: Ashik Tomy | Dept: r&d | canSeeAll: true | where: {}
[2026-05-12T11:15:03.901Z] User: Alphin Philip | Dept: r&d | Desig: project lead | isRnD: true | where: {}
[2026-05-12T11:15:04.121Z] MRN Visibility - User: Alphin Philip | Dept: r&d | canSeeAll: true | where: {}
[2026-05-12T11:15:06.030Z] MRN Visibility - User: Alphin Philip | Dept: r&d | canSeeAll: true | where: {}
[2026-05-12T11:15:15.988Z] MRN Visibility - User: Alphin Philip | Dept: r&d | canSeeAll: true | where: {}
[2026-05-12T11:16:02.661Z] MRN Visibility - User: Alphin Philip | Dept: r&d | canSeeAll: true | where: {}
[2026-05-12T11:16:21.900Z] MRN Visibility - User: Alphin Philip | Dept: r&d | canSeeAll: true | where: {}
[2026-05-12T11:16:37.316Z] User: Nirmal sunil | Dept: finance | Desig: finance | isRnD: false | where: {}
[2026-05-12T11:16:37.512Z] MRN Visibility - User: Nirmal sunil | Dept: finance | canSeeAll: true | where: {}
[2026-05-12T11:16:46.672Z] User: John thomas | Dept: store | Desig: storekeeper | isRnD: false | where: {}
[2026-05-12T11:16:46.722Z] MRN Visibility - User: John thomas | Dept: store | canSeeAll: true | where: {}
[2026-05-12T11:16:51.421Z] MRN Visibility - User: John thomas | Dept: store | canSeeAll: true | where: {}
[2026-05-12T11:17:02.017Z] MRN Visibility - User: John thomas | Dept: store | canSeeAll: true | where: {}
[2026-05-12T11:17:11.065Z] MRN Visibility - User: John thomas | Dept: store | canSeeAll: true | where: {}
[2026-05-12T11:18:52.212Z] User: John thomas | Dept: store | Desig: storekeeper | isRnD: false | where: {}
[2026-05-12T11:18:52.431Z] MRN Visibility - User: John thomas | Dept: store | canSeeAll: true | where: {}
[2026-05-12T11:18:56.971Z] MRN Visibility - User: John thomas | Dept: store | canSeeAll: true | where: {}
[2026-05-12T11:19:12.993Z] MRN Visibility - User: John thomas | Dept: store | canSeeAll: true | where: {}
[2026-05-12T11:19:15.022Z] User: John thomas | Dept: store | Desig: storekeeper | isRnD: false | where: {}
[2026-05-12T11:19:15.070Z] MRN Visibility - User: John thomas | Dept: store | canSeeAll: true | where: {}
[2026-05-12T11:20:22.308Z] User: John thomas | Dept: store | Desig: storekeeper | isRnD: false | where: {}
[2026-05-12T11:20:22.448Z] MRN Visibility - User: John thomas | Dept: store | canSeeAll: true | where: {}
[2026-05-12T11:20:25.276Z] User: John thomas | Dept: store | Desig: storekeeper | isRnD: false | where: {}
[2026-05-12T11:20:25.326Z] MRN Visibility - User: John thomas | Dept: store | canSeeAll: true | where: {}
[2026-05-12T11:21:31.484Z] User: John thomas | Dept: store | Desig: storekeeper | isRnD: false | where: {}
[2026-05-12T11:21:31.757Z] MRN Visibility - User: John thomas | Dept: store | canSeeAll: true | where: {}
[2026-05-12T11:21:33.126Z] MRN Visibility - User: John thomas | Dept: store | canSeeAll: true | where: {}
[2026-05-12T11:21:38.294Z] MRN Visibility - User: John thomas | Dept: store | canSeeAll: true | where: {}
[2026-05-12T11:21:55.594Z] MRN Visibility - User: John thomas | Dept: store | canSeeAll: true | where: {}
[2026-05-12T11:24:42.135Z] MRN Visibility - User: John thomas | Dept: store | canSeeAll: true | where: {}
[2026-05-12T11:24:43.369Z] MRN Visibility - User: John thomas | Dept: store | canSeeAll: true | where: {}
[2026-05-12T11:24:46.558Z] MRN Visibility - User: John thomas | Dept: store | canSeeAll: true | where: {}
[2026-05-12T11:25:22.465Z] MRN Visibility - User: John thomas | Dept: store | canSeeAll: true | where: {}
[2026-05-12T11:25:30.209Z] MRN Visibility - User: John thomas | Dept: store | canSeeAll: true | where: {}
[2026-05-12T11:26:23.223Z] MRN Visibility - User: John thomas | Dept: store | canSeeAll: true | where: {}
[2026-05-12T11:26:28.398Z] MRN Visibility - User: John thomas | Dept: store | canSeeAll: true | where: {}
[2026-05-12T11:28:01.732Z] User: John thomas | Dept: store | Desig: storekeeper | isRnD: false | where: {}
[2026-05-12T11:28:01.990Z] MRN Visibility - User: John thomas | Dept: store | canSeeAll: true | where: {}
[2026-05-12T11:28:15.586Z] User: Messi | Dept: purchase | Desig: purchase manager | isRnD: false | where: {}
[2026-05-12T11:28:15.809Z] MRN Visibility - User: Messi | Dept: purchase | canSeeAll: true | where: {}
[2026-05-12T11:28:28.876Z] User: Aiden Biju | Dept: purchase | Desig: purchase manager | isRnD: false | where: {}
[2026-05-12T11:28:29.033Z] MRN Visibility - User: Aiden Biju | Dept: purchase | canSeeAll: true | where: {}
[2026-05-12T11:28:39.406Z] User: Alex zion | Dept: purchase | Desig: purchase manager | isRnD: false | where: {}
[2026-05-12T11:28:39.438Z] MRN Visibility - User: Alex zion | Dept: purchase | canSeeAll: true | where: {}
[2026-05-12T11:28:59.457Z] User: Airene V | Dept: purchase | Desig: purchase officer | isRnD: false | where: {}
[2026-05-12T11:28:59.628Z] MRN Visibility - User: Airene V | Dept: purchase | canSeeAll: true | where: {}
[2026-05-12T11:29:06.406Z] User: Ashik Tomy | Dept: r&d | Desig: r&d head | isRnD: true | where: {}
[2026-05-12T11:29:06.456Z] MRN Visibility - User: Ashik Tomy | Dept: r&d | canSeeAll: true | where: {}
[2026-05-12T11:29:13.644Z] User: Mahadev Ambadi | Dept: quality | Desig: quality member (qc) | isRnD: false | where: {}
[2026-05-12T11:29:13.787Z] MRN Visibility - User: Mahadev Ambadi | Dept: quality | canSeeAll: true | where: {}
[2026-05-12T11:29:13.841Z] User: Mahadev Ambadi | Dept: quality | Desig: quality member (qc) | isRnD: false | where: {}
[2026-05-12T11:29:25.835Z] User: Nikitha Biju | Dept: o&m | Desig: o&m | isRnD: false | where: {}
[2026-05-12T11:29:46.075Z] User: Admin User | Dept: admin | Desig: administrator | isRnD: false | where: {}
[2026-05-12T11:29:46.327Z] MRN Visibility - User: Admin User | Dept: admin | canSeeAll: true | where: {}
[2026-05-12T11:29:46.367Z] User: Admin User | Dept: admin | Desig: administrator | isRnD: false | where: {}
[2026-05-12T11:30:00.222Z] User: Alex zion | Dept: purchase | Desig: purchase manager | isRnD: false | where: {}
[2026-05-12T11:30:00.381Z] MRN Visibility - User: Alex zion | Dept: purchase | canSeeAll: true | where: {}
[2026-05-12T11:30:13.240Z] User: Cimil Charly | Dept: quality | Desig: quality lead | isRnD: false | where: {}
[2026-05-12T11:30:13.461Z] MRN Visibility - User: Cimil Charly | Dept: quality | canSeeAll: true | where: {}
[2026-05-12T11:30:13.468Z] User: Cimil Charly | Dept: quality | Desig: quality lead | isRnD: false | where: {}
[2026-05-12T11:30:25.103Z] User: Nirmal sunil | Dept: finance | Desig: finance | isRnD: false | where: {}
[2026-05-12T11:30:25.148Z] MRN Visibility - User: Nirmal sunil | Dept: finance | canSeeAll: true | where: {}
[2026-05-12T11:30:38.975Z] User: Tom Holland | Dept: r&d | Desig: r&d head | isRnD: true | where: {}
[2026-05-12T11:30:39.091Z] MRN Visibility - User: Tom Holland | Dept: r&d | canSeeAll: true | where: {}
[2026-05-12T11:30:48.323Z] User: Nikitha Biju | Dept: o&m | Desig: o&m | isRnD: false | where: {}
[2026-05-12T11:33:01.413Z] User: Nikitha Biju | Dept: o&m | Desig: o&m | isRnD: false | where: {}
[2026-05-12T11:33:26.532Z] User: Nikitha Biju | Dept: o&m | Desig: o&m | isRnD: false | where: {}
[2026-05-12T11:33:26.744Z] User: Nikitha Biju | Dept: o&m | Desig: o&m | isRnD: false | where: {}
[2026-05-12T11:33:40.832Z] User: Admin User | Dept: admin | Desig: administrator | isRnD: false | where: {}
[2026-05-12T11:33:41.036Z] User: Admin User | Dept: admin | Desig: administrator | isRnD: false | where: {}
[2026-05-12T11:33:41.089Z] MRN Visibility - User: Admin User | Dept: admin | canSeeAll: true | where: {}
[2026-05-12T11:35:40.489Z] User: Admin User | Dept: admin | Desig: administrator | isRnD: false | where: {}
[2026-05-12T11:35:40.692Z] MRN Visibility - User: Admin User | Dept: admin | canSeeAll: true | where: {}
[2026-05-12T11:35:40.733Z] User: Admin User | Dept: admin | Desig: administrator | isRnD: false | where: {}
[2026-05-12T11:36:26.800Z] User: Admin User | Dept: admin | Desig: administrator | isRnD: false | where: {}
[2026-05-12T11:36:29.044Z] User: Admin User | Dept: admin | Desig: administrator | isRnD: false | where: {}
[2026-05-12T11:37:12.046Z] User: Ashik Tomy | Dept: r&d | Desig: r&d head | isRnD: true | where: {}
[2026-05-12T11:37:12.109Z] MRN Visibility - User: Ashik Tomy | Dept: r&d | canSeeAll: true | where: {}
[2026-05-12T11:37:13.576Z] User: Ashik Tomy | Dept: r&d | Desig: r&d head | isRnD: true | where: {}
[2026-05-12T11:38:01.469Z] User: Ashik Tomy | Dept: r&d | Desig: r&d head | isRnD: true | where: {}
[2026-05-12T11:38:07.181Z] User: Ashik Tomy | Dept: r&d | Desig: r&d head | isRnD: true | where: {}
[2026-05-12T11:38:08.610Z] User: Ashik Tomy | Dept: r&d | Desig: r&d head | isRnD: true | where: {}
[2026-05-12T11:38:23.485Z] User: Ashik Tomy | Dept: r&d | Desig: r&d head | isRnD: true | where: {}
[2026-05-12T11:38:37.445Z] User: Ashik Tomy | Dept: r&d | Desig: r&d head | isRnD: true | where: {}
[2026-05-12T11:38:58.153Z] User: Admin User | Dept: admin | Desig: administrator | isRnD: false | where: {}
[2026-05-12T11:38:58.303Z] MRN Visibility - User: Admin User | Dept: admin | canSeeAll: true | where: {}
[2026-05-12T11:38:58.370Z] User: Admin User | Dept: admin | Desig: administrator | isRnD: false | where: {}
[2026-05-12T11:39:24.574Z] User: Ashik Tomy | Dept: r&d | Desig: r&d head | isRnD: true | where: {}
[2026-05-12T11:39:24.729Z] MRN Visibility - User: Ashik Tomy | Dept: r&d | canSeeAll: true | where: {}
[2026-05-12T11:39:33.352Z] User: Admin User | Dept: admin | Desig: administrator | isRnD: false | where: {}
[2026-05-12T11:39:33.430Z] MRN Visibility - User: Admin User | Dept: admin | canSeeAll: true | where: {}
[2026-05-12T11:39:33.582Z] User: Admin User | Dept: admin | Desig: administrator | isRnD: false | where: {}
[2026-05-12T11:39:35.490Z] User: Admin User | Dept: admin | Desig: administrator | isRnD: false | where: {}
[2026-05-12T11:42:31.814Z] User: Ashik Tomy | Dept: r&d | Desig: r&d head | isRnD: true | where: {}
[2026-05-12T11:42:31.904Z] MRN Visibility - User: Ashik Tomy | Dept: r&d | canSeeAll: true | where: {}
[2026-05-12T11:43:41.452Z] User: Ashik Tomy | Dept: r&d | Desig: r&d head | isRnD: true | where: {}
[2026-05-12T11:43:41.686Z] MRN Visibility - User: Ashik Tomy | Dept: r&d | canSeeAll: true | where: {}
[2026-05-12T11:43:42.909Z] User: Ashik Tomy | Dept: r&d | Desig: r&d head | isRnD: true | where: {}
[2026-05-12T11:43:42.965Z] MRN Visibility - User: Ashik Tomy | Dept: r&d | canSeeAll: true | where: {}
[2026-05-12T11:43:46.984Z] User: Ashik Tomy | Dept: r&d | Desig: r&d head | isRnD: true | where: {}
[2026-05-12T11:43:47.025Z] MRN Visibility - User: Ashik Tomy | Dept: r&d | canSeeAll: true | where: {}
[2026-05-12T11:43:48.682Z] User: Ashik Tomy | Dept: r&d | Desig: r&d head | isRnD: true | where: {}
[2026-05-12T11:43:48.712Z] MRN Visibility - User: Ashik Tomy | Dept: r&d | canSeeAll: true | where: {}
[2026-05-12T11:43:55.928Z] User: Ashik Tomy | Dept: r&d | Desig: r&d head | isRnD: true | where: {}
[2026-05-12T11:43:56.912Z] User: Ashik Tomy | Dept: r&d | Desig: r&d head | isRnD: true | where: {}
[2026-05-12T11:43:58.069Z] User: Ashik Tomy | Dept: r&d | Desig: r&d head | isRnD: true | where: {}
[2026-05-12T11:43:58.300Z] MRN Visibility - User: Ashik Tomy | Dept: r&d | canSeeAll: true | where: {}
[2026-05-12T11:44:01.980Z] User: Ashik Tomy | Dept: r&d | Desig: r&d head | isRnD: true | where: {}
[2026-05-12T11:44:02.002Z] MRN Visibility - User: Ashik Tomy | Dept: r&d | canSeeAll: true | where: {}
[2026-05-12T11:44:04.111Z] User: Ashik Tomy | Dept: r&d | Desig: r&d head | isRnD: true | where: {}
[2026-05-12T11:44:04.147Z] MRN Visibility - User: Ashik Tomy | Dept: r&d | canSeeAll: true | where: {}
[2026-05-12T11:44:12.726Z] User: Admin User | Dept: admin | Desig: administrator | isRnD: false | where: {}
[2026-05-12T11:44:12.944Z] MRN Visibility - User: Admin User | Dept: admin | canSeeAll: true | where: {}
[2026-05-12T11:44:13.015Z] User: Admin User | Dept: admin | Desig: administrator | isRnD: false | where: {}
[2026-05-12T11:44:26.979Z] User: Ashik Tomy | Dept: r&d | Desig: r&d head | isRnD: true | where: {}
[2026-05-12T11:44:27.121Z] MRN Visibility - User: Ashik Tomy | Dept: r&d | canSeeAll: true | where: {}
[2026-05-12T11:44:39.905Z] User: Admin User | Dept: admin | Desig: administrator | isRnD: false | where: {}
[2026-05-12T11:44:39.961Z] MRN Visibility - User: Admin User | Dept: admin | canSeeAll: true | where: {}
[2026-05-12T11:44:40.134Z] User: Admin User | Dept: admin | Desig: administrator | isRnD: false | where: {}
[2026-05-12T11:44:53.167Z] User: Ashik Tomy | Dept: r&d | Desig: r&d head | isRnD: true | where: {}
[2026-05-12T11:44:53.317Z] MRN Visibility - User: Ashik Tomy | Dept: r&d | canSeeAll: true | where: {}
[2026-05-12T11:44:54.848Z] User: Ashik Tomy | Dept: r&d | Desig: r&d head | isRnD: true | where: {}
[2026-05-12T11:44:54.873Z] MRN Visibility - User: Ashik Tomy | Dept: r&d | canSeeAll: true | where: {}
[2026-05-12T11:45:30.749Z] User: Ashik Tomy | Dept: r&d | Desig: r&d head | isRnD: true | where: {}
[2026-05-12T11:45:30.877Z] MRN Visibility - User: Ashik Tomy | Dept: r&d | canSeeAll: true | where: {}
[2026-05-12T11:46:06.679Z] User: Ashik Tomy | Dept: r&d | Desig: r&d head | isRnD: true | where: {}
[2026-05-12T11:46:06.839Z] MRN Visibility - User: Ashik Tomy | Dept: r&d | canSeeAll: true | where: {}
[2026-05-12T11:46:14.322Z] User: Ashik Tomy | Dept: r&d | Desig: r&d head | isRnD: true | where: {}
[2026-05-12T11:46:14.367Z] MRN Visibility - User: Ashik Tomy | Dept: r&d | canSeeAll: true | where: {}
[2026-05-12T11:46:32.419Z] User: Ashik Tomy | Dept: r&d | Desig: r&d head | isRnD: true | where: {}
[2026-05-12T11:46:32.487Z] MRN Visibility - User: Ashik Tomy | Dept: r&d | canSeeAll: true | where: {}
[2026-05-12T11:46:45.278Z] User: Ashik Tomy | Dept: r&d | Desig: r&d head | isRnD: true | where: {}
[2026-05-12T11:46:45.484Z] MRN Visibility - User: Ashik Tomy | Dept: r&d | canSeeAll: true | where: {}
[2026-05-12T11:46:49.193Z] User: Ashik Tomy | Dept: r&d | Desig: r&d head | isRnD: true | where: {}
[2026-05-12T11:46:58.210Z] User: Admin User | Dept: admin | Desig: administrator | isRnD: false | where: {}
[2026-05-12T11:46:58.247Z] MRN Visibility - User: Admin User | Dept: admin | canSeeAll: true | where: {}
[2026-05-12T11:46:58.493Z] User: Admin User | Dept: admin | Desig: administrator | isRnD: false | where: {}
[2026-05-12T11:47:06.382Z] User: Admin User | Dept: admin | Desig: administrator | isRnD: false | where: {}
[2026-05-12T11:47:28.989Z] User: Ashik Tomy | Dept: r&d | Desig: r&d head | isRnD: true | where: {}
[2026-05-12T11:47:29.144Z] MRN Visibility - User: Ashik Tomy | Dept: r&d | canSeeAll: true | where: {}
[2026-05-12T11:47:40.333Z] User: Admin User | Dept: admin | Desig: administrator | isRnD: false | where: {}
[2026-05-12T11:47:40.571Z] MRN Visibility - User: Admin User | Dept: admin | canSeeAll: true | where: {}
[2026-05-12T11:47:40.655Z] User: Admin User | Dept: admin | Desig: administrator | isRnD: false | where: {}
[2026-05-12T11:47:57.944Z] User: Ashik Tomy | Dept: r&d | Desig: r&d head | isRnD: true | where: {}
[2026-05-12T11:47:58.107Z] MRN Visibility - User: Ashik Tomy | Dept: r&d | canSeeAll: true | where: {}
[2026-05-12T11:48:00.957Z] User: Ashik Tomy | Dept: r&d | Desig: r&d head | isRnD: true | where: {}
[2026-05-12T11:48:09.833Z] User: Ashik Tomy | Dept: r&d | Desig: r&d head | isRnD: true | where: {}
[2026-05-12T11:48:13.225Z] User: Ashik Tomy | Dept: r&d | Desig: r&d head | isRnD: true | where: {}
[2026-05-12T11:48:18.870Z] User: Ashik Tomy | Dept: r&d | Desig: r&d head | isRnD: true | where: {}
[2026-05-12T11:48:26.153Z] User: Ashik Tomy | Dept: r&d | Desig: r&d head | isRnD: true | where: {}
[2026-05-12T11:48:28.620Z] User: Ashik Tomy | Dept: r&d | Desig: r&d head | isRnD: true | where: {}
[2026-05-12T11:48:34.135Z] User: Ashik Tomy | Dept: r&d | Desig: r&d head | isRnD: true | where: {}
[2026-05-12T11:48:38.693Z] User: Ashik Tomy | Dept: r&d | Desig: r&d head | isRnD: true | where: {}
[2026-05-12T11:48:51.285Z] User: Airene V | Dept: purchase | Desig: purchase officer | isRnD: false | where: {}
[2026-05-12T11:48:51.347Z] MRN Visibility - User: Airene V | Dept: purchase | canSeeAll: true | where: {}
[2026-05-12T11:49:08.187Z] User: Airene V | Dept: purchase | Desig: purchase officer | isRnD: false | where: {}
[2026-05-12T11:49:36.202Z] User: Admin User | Dept: admin | Desig: administrator | isRnD: false | where: {}
[2026-05-12T11:49:36.410Z] MRN Visibility - User: Admin User | Dept: admin | canSeeAll: true | where: {}
[2026-05-12T11:49:36.487Z] User: Admin User | Dept: admin | Desig: administrator | isRnD: false | where: {}
[2026-05-12T11:50:10.971Z] User: Airene V | Dept: purchase | Desig: purchase officer | isRnD: false | where: {}
[2026-05-12T11:50:11.222Z] MRN Visibility - User: Airene V | Dept: purchase | canSeeAll: true | where: {}
[2026-05-12T11:50:14.826Z] User: Airene V | Dept: purchase | Desig: purchase officer | isRnD: false | where: {}
[2026-05-12T11:50:45.828Z] User: Airene V | Dept: purchase | Desig: purchase officer | isRnD: false | where: {}
[2026-05-12T11:50:51.347Z] User: Airene V | Dept: purchase | Desig: purchase officer | isRnD: false | where: {}
[2026-05-12T11:51:17.994Z] User: Airene V | Dept: purchase | Desig: purchase officer | isRnD: false | where: {}
[2026-05-12T11:51:31.904Z] User: Admin User | Dept: admin | Desig: administrator | isRnD: false | where: {}
[2026-05-12T11:51:32.274Z] MRN Visibility - User: Admin User | Dept: admin | canSeeAll: true | where: {}
[2026-05-12T11:51:32.282Z] User: Admin User | Dept: admin | Desig: administrator | isRnD: false | where: {}
[2026-05-12T11:51:47.552Z] User: Airene V | Dept: purchase | Desig: purchase officer | isRnD: false | where: {}
[2026-05-12T11:51:47.711Z] MRN Visibility - User: Airene V | Dept: purchase | canSeeAll: true | where: {}
[2026-05-12T11:51:51.188Z] User: Airene V | Dept: purchase | Desig: purchase officer | isRnD: false | where: {}
[2026-05-12T11:52:05.034Z] User: Alex zion | Dept: purchase | Desig: purchase manager | isRnD: false | where: {}
[2026-05-12T11:52:05.233Z] MRN Visibility - User: Alex zion | Dept: purchase | canSeeAll: true | where: {}
[2026-05-12T11:52:10.034Z] User: Alex zion | Dept: purchase | Desig: purchase manager | isRnD: false | where: {}
[2026-05-12T11:52:23.334Z] User: Alex zion | Dept: purchase | Desig: purchase manager | isRnD: false | where: {}
[2026-05-12T11:52:41.163Z] User: Airene V | Dept: purchase | Desig: purchase officer | isRnD: false | where: {}
[2026-05-12T11:52:41.341Z] MRN Visibility - User: Airene V | Dept: purchase | canSeeAll: true | where: {}
[2026-05-12T11:52:50.815Z] User: Admin User | Dept: admin | Desig: administrator | isRnD: false | where: {}
[2026-05-12T11:52:50.995Z] MRN Visibility - User: Admin User | Dept: admin | canSeeAll: true | where: {}
[2026-05-12T11:52:51.001Z] User: Admin User | Dept: admin | Desig: administrator | isRnD: false | where: {}
[2026-05-12T11:53:06.149Z] User: Airene V | Dept: purchase | Desig: purchase officer | isRnD: false | where: {}
[2026-05-12T11:53:06.304Z] MRN Visibility - User: Airene V | Dept: purchase | canSeeAll: true | where: {}
[2026-05-12T11:53:32.425Z] User: Admin User | Dept: admin | Desig: administrator | isRnD: false | where: {}
[2026-05-12T11:53:32.678Z] MRN Visibility - User: Admin User | Dept: admin | canSeeAll: true | where: {}
[2026-05-12T11:53:32.684Z] User: Admin User | Dept: admin | Desig: administrator | isRnD: false | where: {}
[2026-05-13T04:00:19.087Z] User: Admin User | Dept: admin | Desig: administrator | isRnD: false | where: {}
[2026-05-13T04:00:19.294Z] MRN Visibility - User: Admin User | Dept: admin | canSeeAll: true | where: {}
[2026-05-13T04:00:19.301Z] User: Admin User | Dept: admin | Desig: administrator | isRnD: false | where: {}
[2026-05-13T04:00:21.452Z] User: Admin User | Dept: admin | Desig: administrator | isRnD: false | where: {}
[2026-05-13T04:00:47.619Z] User: Mahadev Ambadi | Dept: quality | Desig: quality member (qc) | isRnD: false | where: {}
[2026-05-13T04:00:47.694Z] User: Mahadev Ambadi | Dept: quality | Desig: quality member (qc) | isRnD: false | where: {}
[2026-05-13T04:00:47.705Z] MRN Visibility - User: Mahadev Ambadi | Dept: quality | canSeeAll: true | where: {}
[2026-05-13T04:01:11.287Z] User: Admin User | Dept: admin | Desig: administrator | isRnD: false | where: {}
[2026-05-13T04:01:11.386Z] MRN Visibility - User: Admin User | Dept: admin | canSeeAll: true | where: {}
[2026-05-13T04:01:11.432Z] User: Admin User | Dept: admin | Desig: administrator | isRnD: false | where: {}
[2026-05-13T04:01:32.186Z] User: Mahadev Ambadi | Dept: quality | Desig: quality member (qc) | isRnD: false | where: {}
[2026-05-13T04:01:32.271Z] User: Mahadev Ambadi | Dept: quality | Desig: quality member (qc) | isRnD: false | where: {}
[2026-05-13T04:01:32.281Z] MRN Visibility - User: Mahadev Ambadi | Dept: quality | canSeeAll: true | where: {}
[2026-05-13T04:01:43.279Z] User: Admin User | Dept: admin | Desig: administrator | isRnD: false | where: {}
[2026-05-13T04:01:43.368Z] MRN Visibility - User: Admin User | Dept: admin | canSeeAll: true | where: {}
[2026-05-13T04:01:43.454Z] User: Admin User | Dept: admin | Desig: administrator | isRnD: false | where: {}
[2026-05-13T04:11:01.308Z] User: Admin User | Dept: admin | Desig: administrator | isRnD: false | where: {}
[2026-05-13T04:11:01.393Z] User: Admin User | Dept: admin | Desig: administrator | isRnD: false | where: {}
[2026-05-13T04:11:01.402Z] MRN Visibility - User: Admin User | Dept: admin | canSeeAll: true | where: {}
[2026-05-13T04:11:09.424Z] User: Cimil Charly | Dept: quality | Desig: quality lead | isRnD: false | where: {}
[2026-05-13T04:11:09.444Z] MRN Visibility - User: Cimil Charly | Dept: quality | canSeeAll: true | where: {}
[2026-05-13T04:11:09.502Z] User: Cimil Charly | Dept: quality | Desig: quality lead | isRnD: false | where: {}
[2026-05-13T04:11:26.057Z] User: Admin User | Dept: admin | Desig: administrator | isRnD: false | where: {}
[2026-05-13T04:11:26.072Z] MRN Visibility - User: Admin User | Dept: admin | canSeeAll: true | where: {}
[2026-05-13T04:11:26.154Z] User: Admin User | Dept: admin | Desig: administrator | isRnD: false | where: {}
[2026-05-13T04:11:44.196Z] User: Ashik Tomy | Dept: r&d | Desig: r&d head | isRnD: true | where: {}
[2026-05-13T04:11:44.269Z] MRN Visibility - User: Ashik Tomy | Dept: r&d | canSeeAll: true | where: {}
[2026-05-13T04:11:53.347Z] User: Admin User | Dept: admin | Desig: administrator | isRnD: false | where: {}
[2026-05-13T04:11:53.371Z] MRN Visibility - User: Admin User | Dept: admin | canSeeAll: true | where: {}
[2026-05-13T04:11:53.445Z] User: Admin User | Dept: admin | Desig: administrator | isRnD: false | where: {}
[2026-05-13T04:12:19.937Z] User: Ashik Tomy | Dept: r&d | Desig: r&d head | isRnD: true | where: {}
[2026-05-13T04:12:20.013Z] MRN Visibility - User: Ashik Tomy | Dept: r&d | canSeeAll: true | where: {}
[2026-05-13T04:12:37.873Z] User: Admin User | Dept: admin | Desig: administrator | isRnD: false | where: {}
[2026-05-13T04:12:37.948Z] User: Admin User | Dept: admin | Desig: administrator | isRnD: false | where: {}
[2026-05-13T04:12:37.964Z] MRN Visibility - User: Admin User | Dept: admin | canSeeAll: true | where: {}
[2026-05-13T04:12:40.074Z] User: Admin User | Dept: admin | Desig: administrator | isRnD: false | where: {}
[2026-05-13T04:13:16.798Z] User: Ashik Tomy | Dept: r&d | Desig: r&d head | isRnD: true | where: {}
[2026-05-13T04:13:16.884Z] MRN Visibility - User: Ashik Tomy | Dept: r&d | canSeeAll: true | where: {}
[2026-05-13T04:13:42.405Z] User: Admin User | Dept: admin | Desig: administrator | isRnD: false | where: {}
[2026-05-13T04:13:42.505Z] User: Admin User | Dept: admin | Desig: administrator | isRnD: false | where: {}
[2026-05-13T04:13:42.520Z] MRN Visibility - User: Admin User | Dept: admin | canSeeAll: true | where: {}
[2026-05-13T04:14:00.361Z] User: Ashik Tomy | Dept: r&d | Desig: r&d head | isRnD: true | where: {}
[2026-05-13T04:14:00.459Z] MRN Visibility - User: Ashik Tomy | Dept: r&d | canSeeAll: true | where: {}
[2026-05-13T04:14:11.904Z] User: Admin User | Dept: admin | Desig: administrator | isRnD: false | where: {}
[2026-05-13T04:14:11.932Z] MRN Visibility - User: Admin User | Dept: admin | canSeeAll: true | where: {}
[2026-05-13T04:14:12.036Z] User: Admin User | Dept: admin | Desig: administrator | isRnD: false | where: {}
[2026-05-13T04:14:29.741Z] User: Ashik Tomy | Dept: r&d | Desig: r&d head | isRnD: true | where: {}
[2026-05-13T04:14:29.827Z] MRN Visibility - User: Ashik Tomy | Dept: r&d | canSeeAll: true | where: {}
[2026-05-13T04:14:49.340Z] User: Admin User | Dept: admin | Desig: administrator | isRnD: false | where: {}
[2026-05-13T04:14:49.453Z] MRN Visibility - User: Admin User | Dept: admin | canSeeAll: true | where: {}
[2026-05-13T04:14:49.494Z] User: Admin User | Dept: admin | Desig: administrator | isRnD: false | where: {}
[2026-05-13T04:16:06.535Z] User: Ashik Tomy | Dept: r&d | Desig: r&d head | isRnD: true | where: {}
[2026-05-13T04:16:06.643Z] MRN Visibility - User: Ashik Tomy | Dept: r&d | canSeeAll: true | where: {}
[2026-05-13T04:16:19.462Z] User: Admin User | Dept: admin | Desig: administrator | isRnD: false | where: {}
[2026-05-13T04:16:19.493Z] MRN Visibility - User: Admin User | Dept: admin | canSeeAll: true | where: {}
[2026-05-13T04:16:19.623Z] User: Admin User | Dept: admin | Desig: administrator | isRnD: false | where: {}
[2026-05-13T04:16:34.148Z] User: Ashik Tomy | Dept: r&d | Desig: r&d head | isRnD: true | where: {}
[2026-05-13T04:16:34.252Z] MRN Visibility - User: Ashik Tomy | Dept: r&d | canSeeAll: true | where: {}
[2026-05-13T04:18:51.043Z] User: Admin User | Dept: admin | Desig: administrator | isRnD: false | where: {}
[2026-05-13T04:18:51.079Z] MRN Visibility - User: Admin User | Dept: admin | canSeeAll: true | where: {}
[2026-05-13T04:18:51.180Z] User: Admin User | Dept: admin | Desig: administrator | isRnD: false | where: {}
[2026-05-13T04:19:16.377Z] User: Ashik Tomy | Dept: r&d | Desig: r&d head | isRnD: true | where: {}
[2026-05-13T04:19:16.478Z] MRN Visibility - User: Ashik Tomy | Dept: r&d | canSeeAll: true | where: {}
[2026-05-13T04:19:36.269Z] User: Admin User | Dept: admin | Desig: administrator | isRnD: false | where: {}
[2026-05-13T04:19:36.392Z] User: Admin User | Dept: admin | Desig: administrator | isRnD: false | where: {}
[2026-05-13T04:19:36.436Z] MRN Visibility - User: Admin User | Dept: admin | canSeeAll: true | where: {}
[2026-05-13T04:20:55.037Z] User: Elon Musk | Dept: quality | Desig: qc | isRnD: false | where: {}
[2026-05-13T04:20:55.146Z] User: Elon Musk | Dept: quality | Desig: qc | isRnD: false | where: {}
[2026-05-13T04:20:55.162Z] MRN Visibility - User: Elon Musk | Dept: quality | canSeeAll: true | where: {}
[2026-05-13T04:21:13.426Z] User: Admin User | Dept: admin | Desig: administrator | isRnD: false | where: {}
[2026-05-13T04:21:13.540Z] User: Admin User | Dept: admin | Desig: administrator | isRnD: false | where: {}
[2026-05-13T04:21:13.573Z] MRN Visibility - User: Admin User | Dept: admin | canSeeAll: true | where: {}
[2026-05-13T04:22:14.009Z] User: Tim Cook | Dept: finance | Desig: finance | isRnD: false | where: {}
[2026-05-13T04:22:14.112Z] MRN Visibility - User: Tim Cook | Dept: finance | canSeeAll: true | where: {}
[2026-05-13T04:22:33.529Z] User: Elon Musk | Dept: quality | Desig: qc | isRnD: false | where: {}
[2026-05-13T04:22:33.621Z] MRN Visibility - User: Elon Musk | Dept: quality | canSeeAll: true | where: {}
[2026-05-13T04:22:33.647Z] User: Elon Musk | Dept: quality | Desig: qc | isRnD: false | where: {}
[2026-05-13T04:22:45.060Z] User: Admin User | Dept: admin | Desig: administrator | isRnD: false | where: {}
[2026-05-13T04:22:45.182Z] MRN Visibility - User: Admin User | Dept: admin | canSeeAll: true | where: {}
[2026-05-13T04:22:45.238Z] User: Admin User | Dept: admin | Desig: administrator | isRnD: false | where: {}
[2026-05-13T04:23:08.638Z] User: Elon Musk | Dept: quality | Desig: qc | isRnD: false | where: {}
[2026-05-13T04:23:08.667Z] MRN Visibility - User: Elon Musk | Dept: quality | canSeeAll: true | where: {}
[2026-05-13T04:23:08.745Z] User: Elon Musk | Dept: quality | Desig: qc | isRnD: false | where: {}
[2026-05-13T04:23:17.077Z] User: Admin User | Dept: admin | Desig: administrator | isRnD: false | where: {}
[2026-05-13T04:23:17.094Z] MRN Visibility - User: Admin User | Dept: admin | canSeeAll: true | where: {}
[2026-05-13T04:23:17.190Z] User: Admin User | Dept: admin | Desig: administrator | isRnD: false | where: {}
[2026-05-13T04:23:41.757Z] User: Elon Musk | Dept: quality | Desig: qc | isRnD: false | where: {}
[2026-05-13T04:23:41.784Z] MRN Visibility - User: Elon Musk | Dept: quality | canSeeAll: true | where: {}
[2026-05-13T04:23:41.856Z] User: Elon Musk | Dept: quality | Desig: qc | isRnD: false | where: {}
[2026-05-13T04:24:03.018Z] User: Admin User | Dept: admin | Desig: administrator | isRnD: false | where: {}
[2026-05-13T04:24:03.061Z] MRN Visibility - User: Admin User | Dept: admin | canSeeAll: true | where: {}
[2026-05-13T04:24:03.138Z] User: Admin User | Dept: admin | Desig: administrator | isRnD: false | where: {}
[2026-05-13T04:24:36.772Z] User: Airene V | Dept: purchase | Desig: purchase officer | isRnD: false | where: {}
[2026-05-13T04:24:36.840Z] MRN Visibility - User: Airene V | Dept: purchase | canSeeAll: true | where: {}
[2026-05-13T04:30:43.901Z] User: Airene V | Dept: purchase | Desig: purchase officer | isRnD: false | where: {}
[2026-05-13T04:30:43.966Z] MRN Visibility - User: Airene V | Dept: purchase | canSeeAll: true | where: {}
[2026-05-13T04:34:27.924Z] User: Airene V | Dept: purchase | Desig: purchase officer | isRnD: false | where: {}
[2026-05-13T04:34:27.940Z] MRN Visibility - User: Airene V | Dept: purchase | canSeeAll: true | where: {}
[2026-05-13T04:34:40.879Z] User: Airene V | Dept: purchase | Desig: purchase officer | isRnD: false | where: {}
[2026-05-13T04:34:40.941Z] MRN Visibility - User: Airene V | Dept: purchase | canSeeAll: true | where: {}
[2026-05-13T04:35:55.061Z] User: Admin User | Dept: admin | Desig: administrator | isRnD: false | where: {}
[2026-05-13T04:35:55.099Z] MRN Visibility - User: Admin User | Dept: admin | canSeeAll: true | where: {}
[2026-05-13T04:35:55.177Z] User: Admin User | Dept: admin | Desig: administrator | isRnD: false | where: {}
[2026-05-13T04:40:27.943Z] User: Admin User | Dept: admin | Desig: administrator | isRnD: false | where: {}
[2026-05-13T04:40:44.124Z] User: Admin User | Dept: admin | Desig: administrator | isRnD: false | where: {}
[2026-05-13T04:40:54.079Z] User: Admin User | Dept: admin | Desig: administrator | isRnD: false | where: {}
[2026-05-13T04:40:58.797Z] User: Admin User | Dept: admin | Desig: administrator | isRnD: false | where: {}
[2026-05-13T04:41:27.222Z] User: Admin User | Dept: admin | Desig: administrator | isRnD: false | where: {}
[2026-05-13T04:41:34.478Z] User: Admin User | Dept: admin | Desig: administrator | isRnD: false | where: {}
[2026-05-13T04:41:37.516Z] User: Admin User | Dept: admin | Desig: administrator | isRnD: false | where: {}
[2026-05-13T04:41:49.907Z] User: Admin User | Dept: admin | Desig: administrator | isRnD: false | where: {}
[2026-05-13T04:41:55.699Z] User: Admin User | Dept: admin | Desig: administrator | isRnD: false | where: {}
[2026-05-13T04:42:01.638Z] User: Admin User | Dept: admin | Desig: administrator | isRnD: false | where: {}
[2026-05-13T04:42:29.327Z] User: Admin User | Dept: admin | Desig: administrator | isRnD: false | where: {}
[2026-05-13T04:52:39.216Z] User: Admin User | Dept: admin | Desig: administrator | isRnD: false | where: {}
[2026-05-13T04:52:39.308Z] MRN Visibility - User: Admin User | Dept: admin | canSeeAll: true | where: {}
[2026-05-13T04:52:39.338Z] User: Admin User | Dept: admin | Desig: administrator | isRnD: false | where: {}
[2026-05-13T04:52:41.009Z] User: Admin User | Dept: admin | Desig: administrator | isRnD: false | where: {}
[2026-05-13T04:53:20.172Z] User: Mahadev Ambadi | Dept: quality | Desig: quality member (qc) | isRnD: false | where: {}
[2026-05-13T04:53:20.229Z] User: Mahadev Ambadi | Dept: quality | Desig: quality member (qc) | isRnD: false | where: {}
[2026-05-13T04:53:20.240Z] MRN Visibility - User: Mahadev Ambadi | Dept: quality | canSeeAll: true | where: {}
[2026-05-13T04:53:23.961Z] User: Mahadev Ambadi | Dept: quality | Desig: quality member (qc) | isRnD: false | where: {}
[2026-05-13T04:53:48.022Z] User: Mahadev Ambadi | Dept: quality | Desig: quality member (qc) | isRnD: false | where: {}
[2026-05-13T04:54:01.261Z] User: Admin User | Dept: admin | Desig: administrator | isRnD: false | where: {}
[2026-05-13T04:54:01.356Z] User: Admin User | Dept: admin | Desig: administrator | isRnD: false | where: {}
[2026-05-13T04:54:01.370Z] MRN Visibility - User: Admin User | Dept: admin | canSeeAll: true | where: {}
[2026-05-13T04:54:36.420Z] User: Admin User | Dept: admin | Desig: administrator | isRnD: false | where: {}
[2026-05-13T04:54:36.487Z] MRN Visibility - User: Admin User | Dept: admin | canSeeAll: true | where: {}
[2026-05-13T04:54:36.536Z] User: Admin User | Dept: admin | Desig: administrator | isRnD: false | where: {}
[2026-05-13T04:54:53.223Z] User: Ashik Tomy | Dept: r&d | Desig: r&d head | isRnD: true | where: {}
[2026-05-13T04:54:53.321Z] MRN Visibility - User: Ashik Tomy | Dept: r&d | canSeeAll: true | where: {}
[2026-05-13T04:54:58.167Z] User: Ashik Tomy | Dept: r&d | Desig: r&d head | isRnD: true | where: {}
[2026-05-13T04:55:10.115Z] User: Alex zion | Dept: purchase | Desig: purchase manager | isRnD: false | where: {}
[2026-05-13T04:55:10.205Z] MRN Visibility - User: Alex zion | Dept: purchase | canSeeAll: true | where: {}
[2026-05-13T04:55:12.013Z] User: Alex zion | Dept: purchase | Desig: purchase manager | isRnD: false | where: {}
[2026-05-13T04:55:18.051Z] User: Alex zion | Dept: purchase | Desig: purchase manager | isRnD: false | where: {}
[2026-05-13T04:58:44.654Z] User: Admin User | Dept: admin | Desig: administrator | isRnD: false | where: {}
[2026-05-13T04:58:44.734Z] User: Admin User | Dept: admin | Desig: administrator | isRnD: false | where: {}
[2026-05-13T04:58:44.761Z] MRN Visibility - User: Admin User | Dept: admin | canSeeAll: true | where: {}
[2026-05-13T04:58:46.693Z] User: Admin User | Dept: admin | Desig: administrator | isRnD: false | where: {}
[2026-05-13T05:01:01.522Z] User: Admin User | Dept: admin | Desig: administrator | isRnD: false | where: {}
[2026-05-13T05:01:40.569Z] User: Admin User | Dept: admin | Desig: administrator | isRnD: false | where: {}
[2026-05-13T05:13:09.798Z] User: Admin User | Dept: admin | Desig: administrator | isRnD: false | where: {}
[2026-05-13T05:13:11.681Z] User: Admin User | Dept: admin | Desig: administrator | isRnD: false | where: {}
[2026-05-13T05:13:14.975Z] User: Admin User | Dept: admin | Desig: administrator | isRnD: false | where: {}
[2026-05-13T05:13:17.801Z] User: Admin User | Dept: admin | Desig: administrator | isRnD: false | where: {}
[2026-05-13T05:13:31.800Z] User: Admin User | Dept: admin | Desig: administrator | isRnD: false | where: {}
[2026-05-13T05:13:44.347Z] User: Admin User | Dept: admin | Desig: administrator | isRnD: false | where: {}
[2026-05-13T05:13:53.180Z] User: Admin User | Dept: admin | Desig: administrator | isRnD: false | where: {}
[2026-05-13T05:13:58.466Z] User: Admin User | Dept: admin | Desig: administrator | isRnD: false | where: {}
[2026-05-13T05:14:45.478Z] User: Admin User | Dept: admin | Desig: administrator | isRnD: false | where: {}
[2026-05-13T05:14:56.075Z] User: Admin User | Dept: admin | Desig: administrator | isRnD: false | where: {}
[2026-05-13T05:15:03.908Z] User: Admin User | Dept: admin | Desig: administrator | isRnD: false | where: {}
[2026-05-13T05:15:04.049Z] MRN Visibility - User: Admin User | Dept: admin | canSeeAll: true | where: {}
[2026-05-13T05:15:04.053Z] User: Admin User | Dept: admin | Desig: administrator | isRnD: false | where: {}
[2026-05-13T05:15:13.769Z] User: Admin User | Dept: admin | Desig: administrator | isRnD: false | where: {}
[2026-05-13T05:15:25.768Z] User: Admin User | Dept: admin | Desig: administrator | isRnD: false | where: {}
[2026-05-13T05:15:25.866Z] MRN Visibility - User: Admin User | Dept: admin | canSeeAll: true | where: {}
[2026-05-13T05:15:25.872Z] User: Admin User | Dept: admin | Desig: administrator | isRnD: false | where: {}
[2026-05-13T05:15:52.353Z] User: Admin User | Dept: admin | Desig: administrator | isRnD: false | where: {}
[2026-05-13T05:15:52.383Z] MRN Visibility - User: Admin User | Dept: admin | canSeeAll: true | where: {}
[2026-05-13T05:15:52.464Z] User: Admin User | Dept: admin | Desig: administrator | isRnD: false | where: {}
[2026-05-13T05:16:31.141Z] User: Admin User | Dept: admin | Desig: administrator | isRnD: false | where: {}
[2026-05-13T05:16:31.210Z] MRN Visibility - User: Admin User | Dept: admin | canSeeAll: true | where: {}
[2026-05-13T05:16:31.233Z] User: Admin User | Dept: admin | Desig: administrator | isRnD: false | where: {}
[2026-05-13T05:17:14.524Z] User: Admin User | Dept: admin | Desig: administrator | isRnD: false | where: {}
[2026-05-13T05:17:14.644Z] MRN Visibility - User: Admin User | Dept: admin | canSeeAll: true | where: {}
[2026-05-13T05:17:14.646Z] User: Admin User | Dept: admin | Desig: administrator | isRnD: false | where: {}
[2026-05-13T05:17:36.733Z] User: Admin User | Dept: admin | Desig: administrator | isRnD: false | where: {}
[2026-05-13T05:17:36.826Z] MRN Visibility - User: Admin User | Dept: admin | canSeeAll: true | where: {}
[2026-05-13T05:17:36.829Z] User: Admin User | Dept: admin | Desig: administrator | isRnD: false | where: {}
[2026-05-13T05:18:00.765Z] User: Admin User | Dept: admin | Desig: administrator | isRnD: false | where: {}
[2026-05-13T05:18:00.870Z] MRN Visibility - User: Admin User | Dept: admin | canSeeAll: true | where: {}
[2026-05-13T05:18:00.873Z] User: Admin User | Dept: admin | Desig: administrator | isRnD: false | where: {}
[2026-05-13T05:18:06.848Z] User: Admin User | Dept: admin | Desig: administrator | isRnD: false | where: {}
[2026-05-13T05:18:22.565Z] User: Admin User | Dept: admin | Desig: administrator | isRnD: false | where: {}
[2026-05-13T05:18:22.594Z] MRN Visibility - User: Admin User | Dept: admin | canSeeAll: true | where: {}
[2026-05-13T05:18:22.677Z] User: Admin User | Dept: admin | Desig: administrator | isRnD: false | where: {}
[2026-05-13T05:19:18.653Z] User: Admin User | Dept: admin | Desig: administrator | isRnD: false | where: {}
[2026-05-13T05:19:18.686Z] MRN Visibility - User: Admin User | Dept: admin | canSeeAll: true | where: {}
[2026-05-13T05:19:18.783Z] User: Admin User | Dept: admin | Desig: administrator | isRnD: false | where: {}
[2026-05-13T05:20:10.582Z] User: Admin User | Dept: admin | Desig: administrator | isRnD: false | where: {}
[2026-05-13T05:20:10.670Z] MRN Visibility - User: Admin User | Dept: admin | canSeeAll: true | where: {}
[2026-05-13T05:20:10.693Z] User: Admin User | Dept: admin | Desig: administrator | isRnD: false | where: {}
[2026-05-13T05:21:54.339Z] User: Admin User | Dept: admin | Desig: administrator | isRnD: false | where: {}
[2026-05-13T05:22:15.770Z] User: Admin User | Dept: admin | Desig: administrator | isRnD: false | where: {}
[2026-05-13T05:22:17.503Z] User: Admin User | Dept: admin | Desig: administrator | isRnD: false | where: {}
[2026-05-13T05:22:17.577Z] User: Admin User | Dept: admin | Desig: administrator | isRnD: false | where: {}
[2026-05-13T05:22:17.595Z] MRN Visibility - User: Admin User | Dept: admin | canSeeAll: true | where: {}
[2026-05-13T05:22:30.452Z] User: Admin User | Dept: admin | Desig: administrator | isRnD: false | where: {}
[2026-05-13T05:22:50.171Z] User: Admin User | Dept: admin | Desig: administrator | isRnD: false | where: {}
[2026-05-13T05:22:50.200Z] MRN Visibility - User: Admin User | Dept: admin | canSeeAll: true | where: {}
[2026-05-13T05:22:50.303Z] User: Admin User | Dept: admin | Desig: administrator | isRnD: false | where: {}
[2026-05-13T05:23:17.976Z] User: Admin User | Dept: admin | Desig: administrator | isRnD: false | where: {}
[2026-05-13T05:23:25.515Z] User: Admin User | Dept: admin | Desig: administrator | isRnD: false | where: {}
[2026-05-13T05:23:34.050Z] User: Admin User | Dept: admin | Desig: administrator | isRnD: false | where: {}
[2026-05-13T05:23:34.081Z] MRN Visibility - User: Admin User | Dept: admin | canSeeAll: true | where: {}
[2026-05-13T05:23:34.160Z] User: Admin User | Dept: admin | Desig: administrator | isRnD: false | where: {}
[2026-05-13T05:43:08.451Z] User: Admin User | Dept: admin | Desig: administrator | isRnD: false | where: {}
[2026-05-13T05:43:08.488Z] MRN Visibility - User: Admin User | Dept: admin | canSeeAll: true | where: {}
[2026-05-13T05:43:08.601Z] User: Admin User | Dept: admin | Desig: administrator | isRnD: false | where: {}
[2026-05-13T05:44:27.902Z] MRN Visibility - User: Admin User | Dept: admin | canSeeAll: true | where: {}
[2026-05-13T05:44:48.656Z] MRN Visibility - User: Admin User | Dept: admin | canSeeAll: true | where: {}
[2026-05-13T05:45:11.324Z] MRN Visibility - User: Admin User | Dept: admin | canSeeAll: true | where: {}
[2026-05-13T05:46:42.908Z] MRN Visibility - User: Admin User | Dept: admin | canSeeAll: true | where: {}
[2026-05-13T05:46:50.482Z] User: Admin User | Dept: admin | Desig: administrator | isRnD: false | where: {}
[2026-05-13T05:46:50.783Z] User: Admin User | Dept: admin | Desig: administrator | isRnD: false | where: {}
[2026-05-13T05:46:50.809Z] MRN Visibility - User: Admin User | Dept: admin | canSeeAll: true | where: {}
[2026-05-13T06:11:04.165Z] User: Admin User | Dept: admin | Desig: administrator | isRnD: false | where: {}
[2026-05-13T06:11:04.196Z] MRN Visibility - User: Admin User | Dept: admin | canSeeAll: true | where: {}
[2026-05-13T06:11:04.292Z] User: Admin User | Dept: admin | Desig: administrator | isRnD: false | where: {}
[2026-05-13T06:15:38.592Z] User: Admin User | Dept: admin | Desig: administrator | isRnD: false | where: {}
[2026-05-13T06:15:38.624Z] MRN Visibility - User: Admin User | Dept: admin | canSeeAll: true | where: {}
[2026-05-13T06:15:38.722Z] User: Admin User | Dept: admin | Desig: administrator | isRnD: false | where: {}
[2026-05-13T06:15:40.301Z] User: Admin User | Dept: admin | Desig: administrator | isRnD: false | where: {}
[2026-05-13T06:25:27.873Z] User: Admin User | Dept: admin | Desig: administrator | isRnD: false | where: {}
[2026-05-13T06:25:37.256Z] User: Admin User | Dept: admin | Desig: administrator | isRnD: false | where: {}
[2026-05-13T06:25:45.860Z] User: Admin User | Dept: admin | Desig: administrator | isRnD: false | where: {}
[2026-05-13T06:29:55.968Z] User: Admin User | Dept: admin | Desig: administrator | isRnD: false | where: {}
[2026-05-13T06:30:33.664Z] User: Admin User | Dept: admin | Desig: administrator | isRnD: false | where: {}
[2026-05-13T06:34:56.621Z] User: Admin User | Dept: admin | Desig: administrator | isRnD: false | where: {}
[2026-05-13T06:36:45.064Z] User: Admin User | Dept: admin | Desig: administrator | isRnD: false | where: {}
[2026-05-13T06:36:45.093Z] MRN Visibility - User: Admin User | Dept: admin | canSeeAll: true | where: {}
[2026-05-13T06:36:45.188Z] User: Admin User | Dept: admin | Desig: administrator | isRnD: false | where: {}
[2026-05-13T06:36:54.258Z] User: Admin User | Dept: admin | Desig: administrator | isRnD: false | where: {}
[2026-05-13T06:37:06.404Z] User: Admin User | Dept: admin | Desig: administrator | isRnD: false | where: {}
[2026-05-13T08:35:50.640Z] User: Admin User | Dept: admin | Desig: administrator | isRnD: false | where: {}
[2026-05-13T08:35:50.699Z] MRN Visibility - User: Admin User | Dept: admin | canSeeAll: true | where: {}
[2026-05-13T08:35:51.040Z] User: Admin User | Dept: admin | Desig: administrator | isRnD: false | where: {}
[2026-05-13T08:43:52.312Z] User: Admin User | Dept: admin | Desig: administrator | isRnD: false | where: {}
[2026-05-13T08:43:52.542Z] MRN Visibility - User: Admin User | Dept: admin | canSeeAll: true | where: {}
[2026-05-13T08:43:52.550Z] User: Admin User | Dept: admin | Desig: administrator | isRnD: false | where: {}
[2026-05-13T08:46:32.150Z] User: Admin User | Dept: admin | Desig: administrator | isRnD: false | where: {}
[2026-05-13T08:46:52.577Z] User: Admin User | Dept: admin | Desig: administrator | isRnD: false | where: {}
[2026-05-13T08:48:07.775Z] User: Admin User | Dept: admin | Desig: administrator | isRnD: false | where: {}
[2026-05-13T08:48:10.113Z] User: Admin User | Dept: admin | Desig: administrator | isRnD: false | where: {}
[2026-05-13T08:48:10.342Z] User: Admin User | Dept: admin | Desig: administrator | isRnD: false | where: {}
[2026-05-13T08:48:10.421Z] MRN Visibility - User: Admin User | Dept: admin | canSeeAll: true | where: {}
[2026-05-13T08:48:19.473Z] User: Admin User | Dept: admin | Desig: administrator | isRnD: false | where: {}
[2026-05-13T08:48:46.728Z] User: Admin User | Dept: admin | Desig: administrator | isRnD: false | where: {}
[2026-05-13T08:49:01.941Z] User: Admin User | Dept: admin | Desig: administrator | isRnD: false | where: {}
[2026-05-13T08:49:27.443Z] User: Admin User | Dept: admin | Desig: administrator | isRnD: false | where: {}
[2026-05-13T08:49:34.676Z] User: Admin User | Dept: admin | Desig: administrator | isRnD: false | where: {}
[2026-05-13T08:49:53.642Z] User: Admin User | Dept: admin | Desig: administrator | isRnD: false | where: {}
[2026-05-13T08:49:53.924Z] MRN Visibility - User: Admin User | Dept: admin | canSeeAll: true | where: {}
[2026-05-13T08:49:54.001Z] User: Admin User | Dept: admin | Desig: administrator | isRnD: false | where: {}
[2026-05-13T08:49:57.790Z] User: Admin User | Dept: admin | Desig: administrator | isRnD: false | where: {}
[2026-05-13T08:50:07.554Z] User: Admin User | Dept: admin | Desig: administrator | isRnD: false | where: {}
[2026-05-13T08:50:07.714Z] MRN Visibility - User: Admin User | Dept: admin | canSeeAll: true | where: {}
[2026-05-13T08:50:07.792Z] User: Admin User | Dept: admin | Desig: administrator | isRnD: false | where: {}
[2026-05-13T08:55:13.391Z] User: Admin User | Dept: admin | Desig: administrator | isRnD: false | where: {}
[2026-05-13T08:55:13.587Z] MRN Visibility - User: Admin User | Dept: admin | canSeeAll: true | where: {}
[2026-05-13T08:55:41.172Z] User: Admin User | Dept: admin | Desig: administrator | isRnD: false | where: {}
[2026-05-13T08:55:47.087Z] User: Admin User | Dept: admin | Desig: administrator | isRnD: false | where: {}
[2026-05-13T08:55:50.495Z] User: Admin User | Dept: admin | Desig: administrator | isRnD: false | where: {}
[2026-05-13T08:55:53.881Z] User: Admin User | Dept: admin | Desig: administrator | isRnD: false | where: {}
[2026-05-13T08:55:54.045Z] MRN Visibility - User: Admin User | Dept: admin | canSeeAll: true | where: {}
[2026-05-13T09:02:44.537Z] User: Admin User | Dept: admin | Desig: administrator | isRnD: false | where: {}
[2026-05-13T09:02:44.814Z] MRN Visibility - User: Admin User | Dept: admin | canSeeAll: true | where: {}
[2026-05-13T09:02:44.838Z] User: Admin User | Dept: admin | Desig: administrator | isRnD: false | where: {}
[2026-05-13T09:02:44.928Z] MRN Visibility - User: Admin User | Dept: admin | canSeeAll: true | where: {}
[2026-05-13T09:02:45.138Z] User: Admin User | Dept: admin | Desig: administrator | isRnD: false | where: {}
[2026-05-13T09:02:45.211Z] User: Admin User | Dept: admin | Desig: administrator | isRnD: false | where: {}
[2026-05-13T09:02:45.326Z] MRN Visibility - User: Admin User | Dept: admin | canSeeAll: true | where: {}
[2026-05-13T09:02:45.512Z] MRN Visibility - User: Admin User | Dept: admin | canSeeAll: true | where: {}
[2026-05-13T09:03:41.230Z] User: Admin User | Dept: admin | Desig: administrator | isRnD: false | where: {}
[2026-05-13T09:03:41.411Z] MRN Visibility - User: Admin User | Dept: admin | canSeeAll: true | where: {}
[2026-05-13T09:03:50.224Z] User: Admin User | Dept: admin | Desig: administrator | isRnD: false | where: {}
[2026-05-13T09:03:50.423Z] MRN Visibility - User: Admin User | Dept: admin | canSeeAll: true | where: {}
[2026-05-13T09:04:19.151Z] User: Admin User | Dept: admin | Desig: administrator | isRnD: false | where: {}
[2026-05-13T09:04:19.227Z] MRN Visibility - User: Admin User | Dept: admin | canSeeAll: true | where: {}
[2026-05-13T09:04:19.480Z] User: Admin User | Dept: admin | Desig: administrator | isRnD: false | where: {}
[2026-05-13T09:04:19.793Z] MRN Visibility - User: Admin User | Dept: admin | canSeeAll: true | where: {}
[2026-05-13T09:06:32.272Z] User: Admin User | Dept: admin | Desig: administrator | isRnD: false | where: {}
[2026-05-13T09:06:32.329Z] MRN Visibility - User: Admin User | Dept: admin | canSeeAll: true | where: {}
[2026-05-13T09:09:00.402Z] User: Admin User | Dept: admin | Desig: administrator | isRnD: false | where: {}
[2026-05-13T09:09:00.459Z] MRN Visibility - User: Admin User | Dept: admin | canSeeAll: true | where: {}
[2026-05-13T09:09:43.184Z] User: Admin User | Dept: admin | Desig: administrator | isRnD: false | where: {}
[2026-05-13T09:09:51.515Z] User: Admin User | Dept: admin | Desig: administrator | isRnD: false | where: {}
[2026-05-13T09:09:55.110Z] User: Admin User | Dept: admin | Desig: administrator | isRnD: false | where: {}
[2026-05-13T09:09:55.294Z] MRN Visibility - User: Admin User | Dept: admin | canSeeAll: true | where: {}
[2026-05-13T09:10:00.784Z] User: Admin User | Dept: admin | Desig: administrator | isRnD: false | where: {}
[2026-05-13T09:10:19.744Z] User: Admin User | Dept: admin | Desig: administrator | isRnD: false | where: {}
[2026-05-13T09:10:26.924Z] User: Admin User | Dept: admin | Desig: administrator | isRnD: false | where: {}
[2026-05-13T09:10:36.704Z] User: Admin User | Dept: admin | Desig: administrator | isRnD: false | where: {}
[2026-05-13T09:10:42.661Z] User: Admin User | Dept: admin | Desig: administrator | isRnD: false | where: {}
[2026-05-13T09:10:42.822Z] MRN Visibility - User: Admin User | Dept: admin | canSeeAll: true | where: {}
[2026-05-13T09:10:45.979Z] User: Admin User | Dept: admin | Desig: administrator | isRnD: false | where: {}
[2026-05-13T09:10:51.848Z] User: Admin User | Dept: admin | Desig: administrator | isRnD: false | where: {}
[2026-05-13T09:10:53.623Z] User: Admin User | Dept: admin | Desig: administrator | isRnD: false | where: {}
[2026-05-13T09:10:53.873Z] MRN Visibility - User: Admin User | Dept: admin | canSeeAll: true | where: {}
[2026-05-13T09:10:58.796Z] User: Admin User | Dept: admin | Desig: administrator | isRnD: false | where: {}
[2026-05-13T09:11:06.771Z] User: Admin User | Dept: admin | Desig: administrator | isRnD: false | where: {}
[2026-05-13T09:11:09.755Z] User: Admin User | Dept: admin | Desig: administrator | isRnD: false | where: {}
[2026-05-13T09:11:11.448Z] User: Admin User | Dept: admin | Desig: administrator | isRnD: false | where: {}
[2026-05-13T09:11:11.687Z] MRN Visibility - User: Admin User | Dept: admin | canSeeAll: true | where: {}
[2026-05-13T09:11:27.406Z] User: Admin User | Dept: admin | Desig: administrator | isRnD: false | where: {}
[2026-05-13T09:11:27.657Z] MRN Visibility - User: Admin User | Dept: admin | canSeeAll: true | where: {}
[2026-05-13T09:11:29.223Z] User: Admin User | Dept: admin | Desig: administrator | isRnD: false | where: {}
[2026-05-13T09:11:32.637Z] User: Admin User | Dept: admin | Desig: administrator | isRnD: false | where: {}
[2026-05-13T09:11:37.933Z] User: Admin User | Dept: admin | Desig: administrator | isRnD: false | where: {}
[2026-05-13T09:11:49.457Z] User: Admin User | Dept: admin | Desig: administrator | isRnD: false | where: {}
[2026-05-13T09:12:09.671Z] User: Admin User | Dept: admin | Desig: administrator | isRnD: false | where: {}
[2026-05-13T09:12:38.464Z] User: Admin User | Dept: admin | Desig: administrator | isRnD: false | where: {}
[2026-05-13T09:13:06.752Z] User: Admin User | Dept: admin | Desig: administrator | isRnD: false | where: {}
[2026-05-13T09:13:06.948Z] MRN Visibility - User: Admin User | Dept: admin | canSeeAll: true | where: {}
[2026-05-13T09:13:41.293Z] User: Admin User | Dept: admin | Desig: administrator | isRnD: false | where: {}
[2026-05-13T09:15:12.981Z] User: Admin User | Dept: admin | Desig: administrator | isRnD: false | where: {}
[2026-05-13T09:15:15.224Z] User: Admin User | Dept: admin | Desig: administrator | isRnD: false | where: {}
[2026-05-13T09:15:37.065Z] User: Admin User | Dept: admin | Desig: administrator | isRnD: false | where: {}
[2026-05-13T09:15:37.142Z] MRN Visibility - User: Admin User | Dept: admin | canSeeAll: true | where: {}
[2026-05-13T09:16:41.004Z] User: Admin User | Dept: admin | Desig: administrator | isRnD: false | where: {}
[2026-05-13T09:16:41.071Z] MRN Visibility - User: Admin User | Dept: admin | canSeeAll: true | where: {}
[2026-05-13T09:17:30.521Z] User: Admin User | Dept: admin | Desig: administrator | isRnD: false | where: {}
[2026-05-13T09:17:30.565Z] MRN Visibility - User: Admin User | Dept: admin | canSeeAll: true | where: {}
[2026-05-13T09:18:11.307Z] User: Admin User | Dept: admin | Desig: administrator | isRnD: false | where: {}
[2026-05-13T09:18:11.581Z] MRN Visibility - User: Admin User | Dept: admin | canSeeAll: true | where: {}
[2026-05-13T09:18:11.608Z] User: Admin User | Dept: admin | Desig: administrator | isRnD: false | where: {}
[2026-05-13T09:18:11.705Z] User: Admin User | Dept: admin | Desig: administrator | isRnD: false | where: {}
[2026-05-13T09:18:11.715Z] MRN Visibility - User: Admin User | Dept: admin | canSeeAll: true | where: {}
[2026-05-13T09:18:12.058Z] MRN Visibility - User: Admin User | Dept: admin | canSeeAll: true | where: {}
[2026-05-13T09:20:06.052Z] User: Admin User | Dept: admin | Desig: administrator | isRnD: false | where: {}
[2026-05-13T09:20:06.238Z] MRN Visibility - User: Admin User | Dept: admin | canSeeAll: true | where: {}
[2026-05-13T09:20:06.352Z] User: Admin User | Dept: admin | Desig: administrator | isRnD: false | where: {}
[2026-05-13T09:20:06.516Z] MRN Visibility - User: Admin User | Dept: admin | canSeeAll: true | where: {}
[2026-05-13T09:20:31.236Z] User: Admin User | Dept: admin | Desig: administrator | isRnD: false | where: {}
[2026-05-13T09:20:31.307Z] MRN Visibility - User: Admin User | Dept: admin | canSeeAll: true | where: {}
[2026-05-13T09:22:18.208Z] User: Admin User | Dept: admin | Desig: administrator | isRnD: false | where: {}
[2026-05-13T09:22:18.269Z] MRN Visibility - User: Admin User | Dept: admin | canSeeAll: true | where: {}
[2026-05-13T09:22:47.244Z] User: Admin User | Dept: admin | Desig: administrator | isRnD: false | where: {}
[2026-05-13T09:22:47.457Z] MRN Visibility - User: Admin User | Dept: admin | canSeeAll: true | where: {}
[2026-05-13T09:24:20.694Z] User: Admin User | Dept: admin | Desig: administrator | isRnD: false | where: {}
[2026-05-13T09:24:20.812Z] MRN Visibility - User: Admin User | Dept: admin | canSeeAll: true | where: {}
[2026-05-13T09:33:38.353Z] User: Admin User | Dept: admin | Desig: administrator | isRnD: false | where: {}
[2026-05-13T09:33:38.454Z] MRN Visibility - User: Admin User | Dept: admin | canSeeAll: true | where: {}
[2026-05-13T09:35:00.682Z] User: Admin User | Dept: admin | Desig: administrator | isRnD: false | where: {}
[2026-05-13T09:35:00.771Z] MRN Visibility - User: Admin User | Dept: admin | canSeeAll: true | where: {}
[2026-05-13T09:39:27.062Z] User: Admin User | Dept: admin | Desig: administrator | isRnD: false | where: {}
[2026-05-13T09:39:27.093Z] MRN Visibility - User: Admin User | Dept: admin | canSeeAll: true | where: {}
[2026-05-13T09:40:25.758Z] User: Admin User | Dept: admin | Desig: administrator | isRnD: false | where: {}
[2026-05-13T09:40:25.865Z] MRN Visibility - User: Admin User | Dept: admin | canSeeAll: true | where: {}
[2026-05-13T09:40:36.334Z] User: Alphin Philip | Dept: r&d | Desig: project lead | isRnD: true | where: {}
[2026-05-13T09:40:36.426Z] MRN Visibility - User: Alphin Philip | Dept: r&d | canSeeAll: true | where: {}
[2026-05-13T09:40:46.609Z] User: Messi | Dept: purchase | Desig: purchase manager | isRnD: false | where: {}
[2026-05-13T09:40:46.704Z] MRN Visibility - User: Messi | Dept: purchase | canSeeAll: true | where: {}
[2026-05-13T09:40:57.299Z] User: Airene V | Dept: purchase | Desig: purchase officer | isRnD: false | where: {}
[2026-05-13T09:40:57.367Z] MRN Visibility - User: Airene V | Dept: purchase | canSeeAll: true | where: {}
[2026-05-14T15:07:15.934Z] User: Admin User | Dept: it | Desig: administrator | isRnD: false | where: {}
[2026-05-14T15:07:45.090Z] User: Admin User | Dept: it | Desig: administrator | isRnD: false | where: {}
[2026-05-14T16:21:08.424Z] User: Admin User | Dept: it | Desig: administrator | isRnD: false | where: {}
[2026-05-14T16:45:34.451Z] User: Admin User | Dept: it | Desig: administrator | isRnD: false | where: {}
[2026-05-14T16:45:49.654Z] User: Admin User | Dept: it | Desig: administrator | isRnD: false | where: {}
[2026-05-14T16:46:19.141Z] User: Admin User | Dept: it | Desig: administrator | isRnD: false | where: {}
[2026-05-14T16:47:56.643Z] User: Admin User | Dept: it | Desig: administrator | isRnD: false | where: {}
[2026-05-14T16:48:51.428Z] User: Admin User | Dept: it | Desig: administrator | isRnD: false | where: {}
[2026-05-14T16:52:21.092Z] User: Admin User | Dept: it | Desig: administrator | isRnD: false | where: {}
[2026-05-14T16:52:25.144Z] User: Admin User | Dept: it | Desig: administrator | isRnD: false | where: {}
[2026-05-14T16:52:37.769Z] User: Admin User | Dept: it | Desig: administrator | isRnD: false | where: {}
[2026-05-14T16:53:14.486Z] User: Admin User | Dept: it | Desig: administrator | isRnD: false | where: {}
[2026-05-14T16:53:20.675Z] User: Admin User | Dept: it | Desig: administrator | isRnD: false | where: {}
[2026-05-14T16:53:26.186Z] User: Admin User | Dept: it | Desig: administrator | isRnD: false | where: {}
[2026-05-14T16:53:55.082Z] User: Admin User | Dept: it | Desig: administrator | isRnD: false | where: {}
[2026-05-14T16:54:11.861Z] User: Admin User | Dept: it | Desig: administrator | isRnD: false | where: {}
[2026-05-14T16:54:24.545Z] User: Admin User | Dept: it | Desig: administrator | isRnD: false | where: {}
[2026-05-14T16:54:48.210Z] User: Admin User | Dept: it | Desig: administrator | isRnD: false | where: {}
[2026-05-14T16:58:02.360Z] User: Admin User | Dept: it | Desig: administrator | isRnD: false | where: {}
[2026-05-14T16:58:14.747Z] User: Admin User | Dept: it | Desig: administrator | isRnD: false | where: {}
[2026-05-14T16:58:17.779Z] User: Admin User | Dept: it | Desig: administrator | isRnD: false | where: {}
[2026-05-14T16:58:19.812Z] User: Admin User | Dept: it | Desig: administrator | isRnD: false | where: {}
[2026-05-14T16:58:22.355Z] User: Admin User | Dept: it | Desig: administrator | isRnD: false | where: {}
[2026-05-14T16:59:15.118Z] User: Admin User | Dept: it | Desig: administrator | isRnD: false | where: {}
[2026-05-14T16:59:29.368Z] User: Admin User | Dept: it | Desig: administrator | isRnD: false | where: {}
[2026-05-14T16:59:39.688Z] User: Admin User | Dept: it | Desig: administrator | isRnD: false | where: {}
[2026-05-14T16:59:41.783Z] User: Admin User | Dept: it | Desig: administrator | isRnD: false | where: {}
[2026-05-14T16:59:51.568Z] User: Admin User | Dept: it | Desig: administrator | isRnD: false | where: {}
[2026-05-14T16:59:54.296Z] User: Admin User | Dept: it | Desig: administrator | isRnD: false | where: {}
[2026-05-14T17:00:01.447Z] User: Admin User | Dept: it | Desig: administrator | isRnD: false | where: {}
[2026-05-14T17:00:04.089Z] User: Admin User | Dept: it | Desig: administrator | isRnD: false | where: {}
[2026-05-14T17:00:05.772Z] User: Admin User | Dept: it | Desig: administrator | isRnD: false | where: {}
[2026-05-14T17:00:09.169Z] User: Admin User | Dept: it | Desig: administrator | isRnD: false | where: {}
[2026-05-14T17:00:16.158Z] User: Admin User | Dept: it | Desig: administrator | isRnD: false | where: {}
[2026-05-14T17:02:31.585Z] User: Admin User | Dept: it | Desig: administrator | isRnD: false | where: {}
[2026-05-14T17:02:41.648Z] User: Admin User | Dept: it | Desig: administrator | isRnD: false | where: {}
[2026-05-14T17:03:13.581Z] User: Admin User | Dept: it | Desig: administrator | isRnD: false | where: {}
[2026-05-14T17:03:54.124Z] User: Admin User | Dept: it | Desig: administrator | isRnD: false | where: {}
[2026-05-14T17:04:06.704Z] User: Admin User | Dept: it | Desig: administrator | isRnD: false | where: {}
[2026-05-14T17:09:40.158Z] User: Admin User | Dept: it | Desig: administrator | isRnD: false | where: {}
[2026-05-14T17:22:12.414Z] User: Admin User | Dept: it | Desig: administrator | isRnD: false | where: {}
[2026-05-14T17:22:14.356Z] User: Admin User | Dept: it | Desig: administrator | isRnD: false | where: {}
[2026-05-14T17:22:21.887Z] User: Admin User | Dept: it | Desig: administrator | isRnD: false | where: {}
[2026-05-14T17:22:25.812Z] User: Admin User | Dept: it | Desig: administrator | isRnD: false | where: {}
[2026-05-14T17:22:29.572Z] User: Admin User | Dept: it | Desig: administrator | isRnD: false | where: {}
[2026-05-14T17:22:31.063Z] User: Admin User | Dept: it | Desig: administrator | isRnD: false | where: {}
[2026-05-14T17:22:38.302Z] User: Admin User | Dept: it | Desig: administrator | isRnD: false | where: {}
[2026-05-14T17:22:42.452Z] User: Admin User | Dept: it | Desig: administrator | isRnD: false | where: {}
[2026-05-14T17:22:51.217Z] User: Admin User | Dept: it | Desig: administrator | isRnD: false | where: {}
[2026-05-14T17:22:57.962Z] User: Admin User | Dept: it | Desig: administrator | isRnD: false | where: {}
[2026-05-14T17:22:59.467Z] User: Admin User | Dept: it | Desig: administrator | isRnD: false | where: {}
[2026-05-14T17:23:00.562Z] User: Admin User | Dept: it | Desig: administrator | isRnD: false | where: {}
[2026-05-14T17:23:03.320Z] User: Admin User | Dept: it | Desig: administrator | isRnD: false | where: {}
[2026-05-14T17:24:23.919Z] User: Admin User | Dept: it | Desig: administrator | isRnD: false | where: {}
[2026-05-14T17:24:42.793Z] User: Admin User | Dept: it | Desig: administrator | isRnD: false | where: {}
[2026-05-14T17:24:46.439Z] User: Admin User | Dept: it | Desig: administrator | isRnD: false | where: {}
[2026-05-14T17:28:33.666Z] User: Admin User | Dept: it | Desig: administrator | isRnD: false | where: {}
[2026-05-14T17:28:38.388Z] User: Admin User | Dept: it | Desig: administrator | isRnD: false | where: {}
[2026-05-14T17:28:41.727Z] User: Admin User | Dept: it | Desig: administrator | isRnD: false | where: {}
[2026-05-14T17:28:42.939Z] User: Admin User | Dept: it | Desig: administrator | isRnD: false | where: {}
[2026-05-14T17:29:48.074Z] User: Admin User | Dept: it | Desig: administrator | isRnD: false | where: {}
[2026-05-14T17:30:51.374Z] User: Admin User | Dept: it | Desig: administrator | isRnD: false | where: {}
[2026-05-14T17:32:11.394Z] User: Admin User | Dept: it | Desig: administrator | isRnD: false | where: {}
[2026-05-14T17:38:57.705Z] User: Admin User | Dept: it | Desig: administrator | isRnD: false | where: {}
[2026-05-14T17:41:15.747Z] User: Admin User | Dept: it | Desig: administrator | isRnD: false | where: {}
[2026-05-14T17:44:44.188Z] User: Admin User | Dept: it | Desig: administrator | isRnD: false | where: {}
[2026-05-14T17:44:52.317Z] User: Admin User | Dept: it | Desig: administrator | isRnD: false | where: {}
[2026-05-14T17:44:54.013Z] User: Admin User | Dept: it | Desig: administrator | isRnD: false | where: {}
[2026-05-14T17:45:14.771Z] User: Admin User | Dept: it | Desig: administrator | isRnD: false | where: {}
[2026-05-14T17:45:26.841Z] User: Admin User | Dept: it | Desig: administrator | isRnD: false | where: {}
[2026-05-14T17:45:55.769Z] User: Admin User | Dept: it | Desig: administrator | isRnD: false | where: {}
[2026-05-14T17:46:04.793Z] User: Admin User | Dept: it | Desig: administrator | isRnD: false | where: {}
[2026-05-14T17:46:09.847Z] User: Admin User | Dept: it | Desig: administrator | isRnD: false | where: {}
[2026-05-14T17:46:14.345Z] User: Admin User | Dept: it | Desig: administrator | isRnD: false | where: {}
[2026-05-14T17:46:15.720Z] User: Admin User | Dept: it | Desig: administrator | isRnD: false | where: {}
[2026-05-14T17:46:51.105Z] User: Admin User | Dept: it | Desig: administrator | isRnD: false | where: {}
[2026-05-14T17:46:57.787Z] User: Admin User | Dept: it | Desig: administrator | isRnD: false | where: {}
[2026-05-14T17:47:28.769Z] User: Admin User | Dept: it | Desig: administrator | isRnD: false | where: {}
[2026-05-14T17:47:41.771Z] User: Admin User | Dept: it | Desig: administrator | isRnD: false | where: {}
[2026-05-14T17:47:48.695Z] User: Admin User | Dept: it | Desig: administrator | isRnD: false | where: {}
[2026-05-14T17:47:51.741Z] User: Admin User | Dept: it | Desig: administrator | isRnD: false | where: {}
[2026-05-14T17:47:54.912Z] User: Admin User | Dept: it | Desig: administrator | isRnD: false | where: {}
[2026-05-14T17:48:13.259Z] User: Admin User | Dept: it | Desig: administrator | isRnD: false | where: {}
[2026-05-14T17:49:09.126Z] User: Admin User | Dept: it | Desig: administrator | isRnD: false | where: {}
[2026-05-14T17:51:52.555Z] User: Admin User | Dept: it | Desig: administrator | isRnD: false | where: {}
[2026-05-14T17:52:04.593Z] User: Admin User | Dept: it | Desig: administrator | isRnD: false | where: {}
[2026-05-14T17:52:21.461Z] User: Admin User | Dept: it | Desig: administrator | isRnD: false | where: {}
[2026-05-14T17:53:38.615Z] User: Admin User | Dept: it | Desig: administrator | isRnD: false | where: {}
[2026-05-14T17:53:46.178Z] User: Admin User | Dept: it | Desig: administrator | isRnD: false | where: {}
[2026-05-14T17:53:48.788Z] User: Admin User | Dept: it | Desig: administrator | isRnD: false | where: {}
[2026-05-14T17:53:50.723Z] User: Admin User | Dept: it | Desig: administrator | isRnD: false | where: {}
[2026-05-14T17:54:27.589Z] User: Admin User | Dept: it | Desig: administrator | isRnD: false | where: {}
[2026-05-14T17:54:41.498Z] User: Admin User | Dept: it | Desig: administrator | isRnD: false | where: {}
[2026-05-14T17:54:51.444Z] User: Admin User | Dept: it | Desig: administrator | isRnD: false | where: {}
[2026-06-17T16:15:02.362Z] User: Admin User | Dept: it | Desig: administrator | isRnD: false | where: {}
[2026-06-17T16:15:02.490Z] MRN Visibility - User: Admin User | Dept: it | canSeeAll: true | where: {}
[2026-06-17T16:15:13.357Z] User: Admin User | Dept: it | Desig: administrator | isRnD: false | where: {}
[2026-06-17T16:15:15.720Z] User: Admin User | Dept: it | Desig: administrator | isRnD: false | where: {}
[2026-06-17T16:15:28.159Z] MRN Visibility - User: Admin User | Dept: it | canSeeAll: true | where: {}
[2026-06-17T16:18:57.831Z] User: Sarah Joseph | Dept: store | Desig: storekeeper | isRnD: false | where: {}
[2026-06-17T16:18:57.893Z] MRN Visibility - User: Sarah Joseph | Dept: store | canSeeAll: true | where: {}
[2026-06-17T16:19:10.389Z] MRN Visibility - User: Sarah Joseph | Dept: store | canSeeAll: true | where: {}
[2026-06-17T16:19:14.745Z] User: Sarah Joseph | Dept: store | Desig: storekeeper | isRnD: false | where: {}
[2026-06-17T16:19:14.799Z] MRN Visibility - User: Sarah Joseph | Dept: store | canSeeAll: true | where: {}
[2026-06-17T16:19:20.414Z] MRN Visibility - User: Sarah Joseph | Dept: store | canSeeAll: true | where: {}
[2026-07-01T17:42:42.163Z] User: Admin User | Dept: it | Desig: administrator | isRnD: false | where: {}
[2026-07-01T17:42:42.293Z] MRN Visibility - User: Admin User | Dept: it | canSeeAll: true | where: {}
[2026-07-01T17:50:34.154Z] User: Admin User | Dept: it | Desig: administrator | isRnD: false | where: {}
[2026-07-01T17:53:06.637Z] MRN Visibility - User: Admin User | Dept: it | canSeeAll: true | where: {}
[2026-07-12T06:35:44.321Z] User: Admin User | Dept: it | Desig: administrator | isRnD: false | where: {}
[2026-07-12T06:35:44.579Z] MRN Visibility - User: Admin User | Dept: it | canSeeAll: true | where: {}
[2026-07-12T06:38:28.837Z] User: Admin User | Dept: it | Desig: administrator | isRnD: false | where: {}
[2026-07-12T13:18:37.603Z] User: Alphin Philip | Dept: r&d | Desig: r&d head | isRnD: true | where: {}
[2026-07-12T13:18:37.701Z] MRN Visibility - User: Alphin Philip | Dept: r&d | canSeeAll: true | where: {}
[2026-07-12T13:18:50.537Z] User: Admin User | Dept: it | Desig: administrator | isRnD: false | where: {}
[2026-07-12T13:18:50.677Z] MRN Visibility - User: Admin User | Dept: it | canSeeAll: true | where: {}
[2026-07-12T14:52:34.088Z] User: Admin User | Dept: it | Desig: administrator | isRnD: false | where: {}
[2026-07-12T14:53:27.736Z] User: Admin User | Dept: it | Desig: administrator | isRnD: false | where: {}
[2026-07-12T14:53:37.862Z] User: Admin User | Dept: it | Desig: administrator | isRnD: false | where: {}
[2026-07-12T14:53:44.834Z] User: Admin User | Dept: it | Desig: administrator | isRnD: false | where: {}
[2026-07-12T14:53:55.529Z] User: Admin User | Dept: it | Desig: administrator | isRnD: false | where: {}
[2026-07-12T14:53:59.340Z] User: Admin User | Dept: it | Desig: administrator | isRnD: false | where: {}
[2026-07-12T14:54:17.150Z] User: Admin User | Dept: it | Desig: administrator | isRnD: false | where: {}
[2026-07-12T14:54:30.647Z] User: Admin User | Dept: it | Desig: administrator | isRnD: false | where: {}
[2026-07-12T14:54:44.217Z] User: Admin User | Dept: it | Desig: administrator | isRnD: false | where: {}
[2026-07-12T14:54:48.299Z] User: Admin User | Dept: it | Desig: administrator | isRnD: false | where: {}
[2026-07-12T14:54:48.420Z] MRN Visibility - User: Admin User | Dept: it | canSeeAll: true | where: {}
[2026-07-12T14:54:57.505Z] User: Admin User | Dept: it | Desig: administrator | isRnD: false | where: {}
[2026-07-12T14:55:07.708Z] User: Admin User | Dept: it | Desig: administrator | isRnD: false | where: {}
[2026-07-12T14:55:36.787Z] User: Admin User | Dept: it | Desig: administrator | isRnD: false | where: {}
[2026-07-12T14:55:36.899Z] MRN Visibility - User: Admin User | Dept: it | canSeeAll: true | where: {}
[2026-07-12T14:55:52.977Z] User: Admin User | Dept: it | Desig: administrator | isRnD: false | where: {}
[2026-07-12T14:56:04.709Z] User: Admin User | Dept: it | Desig: administrator | isRnD: false | where: {}
[2026-07-12T14:56:24.250Z] User: Admin User | Dept: it | Desig: administrator | isRnD: false | where: {}
[2026-07-12T14:56:24.395Z] MRN Visibility - User: Admin User | Dept: it | canSeeAll: true | where: {}
[2026-07-12T14:56:48.063Z] User: Admin User | Dept: it | Desig: administrator | isRnD: false | where: {}
[2026-07-12T14:57:46.066Z] User: Admin User | Dept: it | Desig: administrator | isRnD: false | where: {}
[2026-07-12T14:57:46.213Z] MRN Visibility - User: Admin User | Dept: it | canSeeAll: true | where: {}
[2026-07-12T14:59:59.018Z] User: Admin User | Dept: it | Desig: administrator | isRnD: false | where: {}
[2026-07-12T15:07:00.882Z] User: Admin User | Dept: it | Desig: administrator | isRnD: false | where: {}
[2026-07-12T15:07:01.049Z] MRN Visibility - User: Admin User | Dept: it | canSeeAll: true | where: {}
[2026-07-12T15:07:22.241Z] MRN Visibility - User: Admin User | Dept: it | canSeeAll: true | where: {}
[2026-07-12T15:07:47.355Z] MRN Visibility - User: Admin User | Dept: it | canSeeAll: true | where: {}
[2026-07-12T15:07:59.990Z] MRN Visibility - User: Admin User | Dept: it | canSeeAll: true | where: {}
[2026-07-12T15:08:09.088Z] MRN Visibility - User: Admin User | Dept: it | canSeeAll: true | where: {}
[2026-07-12T15:08:12.947Z] MRN Visibility - User: Admin User | Dept: it | canSeeAll: true | where: {}
[2026-07-12T15:08:49.411Z] MRN Visibility - User: Admin User | Dept: it | canSeeAll: true | where: {}
[2026-07-12T15:09:04.509Z] MRN Visibility - User: Admin User | Dept: it | canSeeAll: true | where: {}
[2026-07-12T15:10:18.859Z] User: Admin User | Dept: it | Desig: administrator | isRnD: false | where: {}
[2026-07-12T15:10:18.997Z] MRN Visibility - User: Admin User | Dept: it | canSeeAll: true | where: {}
[2026-07-12T18:54:31.478Z] User: Admin User | Dept: it | Desig: administrator | isRnD: false | where: {}
[2026-07-12T18:54:31.545Z] MRN Visibility - User: Admin User | Dept: it | canSeeAll: true | where: {}
[2026-07-12T18:55:28.774Z] User: Admin User | Dept: it | Desig: administrator | isRnD: false | where: {}
[2026-07-12T18:55:28.902Z] MRN Visibility - User: Admin User | Dept: it | canSeeAll: true | where: {}
[2026-07-13T08:06:09.366Z] User: Admin User | Dept: it | Desig: administrator | isRnD: false | where: {}
[2026-07-13T08:06:09.611Z] MRN Visibility - User: Admin User | Dept: it | canSeeAll: true | where: {}
[2026-07-13T08:07:01.247Z] User: Admin User | Dept: it | Desig: administrator | isRnD: false | where: {}
[2026-07-13T08:07:02.108Z] User: Admin User | Dept: it | Desig: administrator | isRnD: false | where: {}
[2026-07-13T08:07:03.359Z] User: Admin User | Dept: it | Desig: administrator | isRnD: false | where: {}
[2026-07-13T08:07:49.071Z] User: Admin User | Dept: it | Desig: administrator | isRnD: false | where: {}
[2026-07-13T08:08:29.490Z] User: Admin User | Dept: it | Desig: administrator | isRnD: false | where: {}
[2026-07-13T08:08:36.173Z] User: Admin User | Dept: it | Desig: administrator | isRnD: false | where: {}
[2026-07-13T08:08:50.334Z] User: Admin User | Dept: it | Desig: administrator | isRnD: false | where: {}
[2026-07-13T08:09:01.410Z] User: Admin User | Dept: it | Desig: administrator | isRnD: false | where: {}
[2026-07-13T08:09:12.007Z] User: Admin User | Dept: it | Desig: administrator | isRnD: false | where: {}
[2026-07-13T08:09:24.075Z] User: Admin User | Dept: it | Desig: administrator | isRnD: false | where: {}
[2026-07-13T08:09:28.652Z] User: Admin User | Dept: it | Desig: administrator | isRnD: false | where: {}
[2026-07-13T08:09:28.792Z] MRN Visibility - User: Admin User | Dept: it | canSeeAll: true | where: {}
[2026-07-13T08:09:31.650Z] User: Admin User | Dept: it | Desig: administrator | isRnD: false | where: {}
[2026-07-13T08:09:32.869Z] User: Admin User | Dept: it | Desig: administrator | isRnD: false | where: {}
[2026-07-13T08:09:42.305Z] User: Admin User | Dept: it | Desig: administrator | isRnD: false | where: {}
[2026-07-13T08:09:46.729Z] User: Admin User | Dept: it | Desig: administrator | isRnD: false | where: {}
[2026-07-13T08:09:50.245Z] User: Admin User | Dept: it | Desig: administrator | isRnD: false | where: {}
[2026-07-13T08:09:50.330Z] MRN Visibility - User: Admin User | Dept: it | canSeeAll: true | where: {}
[2026-07-13T08:09:57.841Z] User: Admin User | Dept: it | Desig: administrator | isRnD: false | where: {}
[2026-07-13T08:10:24.650Z] User: Admin User | Dept: it | Desig: administrator | isRnD: false | where: {}
[2026-07-13T08:10:38.490Z] User: Admin User | Dept: it | Desig: administrator | isRnD: false | where: {}
[2026-07-13T08:10:38.608Z] MRN Visibility - User: Admin User | Dept: it | canSeeAll: true | where: {}
[2026-07-13T08:13:48.135Z] User: Admin User | Dept: it | Desig: administrator | isRnD: false | where: {}
[2026-07-13T08:13:48.226Z] MRN Visibility - User: Admin User | Dept: it | canSeeAll: true | where: {}
[2026-07-13T08:14:23.409Z] MRN Visibility - User: Admin User | Dept: it | canSeeAll: true | where: {}
[2026-07-13T08:14:55.801Z] MRN Visibility - User: Admin User | Dept: it | canSeeAll: true | where: {}
[2026-07-13T08:15:11.488Z] MRN Visibility - User: Admin User | Dept: it | canSeeAll: true | where: {}
[2026-07-13T08:15:41.370Z] MRN Visibility - User: Admin User | Dept: it | canSeeAll: true | where: {}
[2026-07-13T08:15:54.456Z] MRN Visibility - User: Admin User | Dept: it | canSeeAll: true | where: {}
[2026-07-13T08:16:43.312Z] User: Admin User | Dept: it | Desig: administrator | isRnD: false | where: {}
[2026-07-13T08:16:43.447Z] MRN Visibility - User: Admin User | Dept: it | canSeeAll: true | where: {}
[2026-07-13T08:20:34.396Z] User: Admin User | Dept: it | Desig: administrator | isRnD: false | where: {}
[2026-07-13T08:20:34.512Z] MRN Visibility - User: Admin User | Dept: it | canSeeAll: true | where: {}
[2026-07-13T08:28:16.811Z] User: Admin User | Dept: it | Desig: administrator | isRnD: false | where: {}
[2026-07-13T08:28:16.887Z] MRN Visibility - User: Admin User | Dept: it | canSeeAll: true | where: {}
[2026-07-13T08:28:34.532Z] User: Admin User | Dept: it | Desig: administrator | isRnD: false | where: {}
[2026-07-13T08:28:34.575Z] MRN Visibility - User: Admin User | Dept: it | canSeeAll: true | where: {}
[2026-07-13T09:41:48.516Z] User: Admin User | Dept: it | Desig: administrator | isRnD: false | where: {}
[2026-07-13T09:41:48.664Z] MRN Visibility - User: Admin User | Dept: it | canSeeAll: true | where: {}
[2026-07-13T09:42:14.576Z] MRN Visibility - User: Admin User | Dept: it | canSeeAll: true | where: {}
[2026-07-13T11:00:37.390Z] User: Admin User | Dept: it | Desig: administrator | isRnD: false | where: {}
[2026-07-13T11:00:37.562Z] MRN Visibility - User: Admin User | Dept: it | canSeeAll: true | where: {}
